2025-06-10 03:15:47,078 - INFO - ==================================================
2025-06-10 03:15:47,079 - INFO - Starting FastAPI server
2025-06-10 03:15:47,079 - INFO - ==================================================
2025-06-10 03:15:48,628 - INFO - ==================================================
2025-06-10 03:15:48,628 - INFO - Starting FastAPI server
2025-06-10 03:15:48,629 - INFO - ==================================================
2025-06-10 03:15:48,886 - INFO - Health check endpoint called
2025-06-10 03:16:02,311 - INFO - Simulation request received for 2 tokens
2025-06-10 03:16:02,313 - INFO - Request parameters: amount_usd=1000.0, timeframe_minutes=5
2025-06-10 03:16:02,313 - INFO - Using start timestamp: 1749287760
2025-06-10 03:16:02,608 - ERROR - Failed to fetch current price for 2VqtrBXmgkNa3oeJwgnBUdNL5yJhq8kddqYtPVGKbonk. Status: 404, Response: {"success":false,"message":"Not found"}
2025-06-10 03:16:02,618 - ERROR - Failed to fetch current price for GtvNHBp3RJZaQbLvrZmRszDSowR119u6qnJVvn7ypump. Status: 429, Response: {"success":false,"message":"Too many requests"}
2025-06-10 03:16:02,619 - INFO - Completed simulation for 2 tokens
2025-06-10 03:16:02,619 - ERROR - All tokens failed to process
2025-06-10 03:16:02,620 - ERROR - Simulation error: 500: All tokens failed to process. Check server logs for details.
Traceback (most recent call last):
  File "C:\Users\alexj\OneDrive\Desktop\traderRanker\main.py", line 455, in simulate
    raise HTTPException(
fastapi.exceptions.HTTPException: 500: All tokens failed to process. Check server logs for details.
2025-06-10 03:16:05,576 - INFO - Simulation request received for 2 tokens
2025-06-10 03:16:05,577 - INFO - Request parameters: amount_usd=1000.0, timeframe_minutes=5
2025-06-10 03:16:05,578 - INFO - Using start timestamp: 1749287760
2025-06-10 03:16:05,847 - ERROR - Failed to fetch current price for 2VqtrBXmgkNa3oeJwgnBUdNL5yJhq8kddqYtPVGKbonk. Status: 404, Response: {"success":false,"message":"Not found"}
2025-06-10 03:16:06,041 - ERROR - Failed to fetch current price for GtvNHBp3RJZaQbLvrZmRszDSowR119u6qnJVvn7ypump. Status: 429, Response: {"success":false,"message":"Too many requests"}
2025-06-10 03:16:06,042 - INFO - Completed simulation for 2 tokens
2025-06-10 03:16:06,042 - ERROR - All tokens failed to process
2025-06-10 03:16:06,044 - ERROR - Simulation error: 500: All tokens failed to process. Check server logs for details.
Traceback (most recent call last):
  File "C:\Users\alexj\OneDrive\Desktop\traderRanker\main.py", line 455, in simulate
    raise HTTPException(
fastapi.exceptions.HTTPException: 500: All tokens failed to process. Check server logs for details.
2025-06-10 03:16:10,583 - INFO - Simulation request received for 2 tokens
2025-06-10 03:16:10,584 - INFO - Request parameters: amount_usd=1000.0, timeframe_minutes=5
2025-06-10 03:16:10,585 - INFO - Using start timestamp: 1749287760
2025-06-10 03:16:10,807 - ERROR - Failed to fetch current price for GtvNHBp3RJZaQbLvrZmRszDSowR119u6qnJVvn7ypump. Status: 404, Response: {"success":false,"message":"Not found"}
2025-06-10 03:16:10,817 - ERROR - Failed to fetch current price for 2VqtrBXmgkNa3oeJwgnBUdNL5yJhq8kddqYtPVGKbonk. Status: 429, Response: {"success":false,"message":"Too many requests"}
2025-06-10 03:16:10,818 - INFO - Completed simulation for 2 tokens
2025-06-10 03:16:10,819 - ERROR - All tokens failed to process
2025-06-10 03:16:10,819 - ERROR - Simulation error: 500: All tokens failed to process. Check server logs for details.
Traceback (most recent call last):
  File "C:\Users\alexj\OneDrive\Desktop\traderRanker\main.py", line 455, in simulate
    raise HTTPException(
fastapi.exceptions.HTTPException: 500: All tokens failed to process. Check server logs for details.
2025-06-10 03:16:18,888 - INFO - Health check endpoint called
2025-06-10 03:16:48,570 - INFO - Health check endpoint called
2025-06-10 03:17:07,302 - INFO - ==================================================
2025-06-10 03:17:07,302 - INFO - Starting FastAPI server
2025-06-10 03:17:07,303 - INFO - ==================================================
2025-06-10 03:17:18,883 - INFO - Health check endpoint called
2025-06-10 03:17:22,414 - INFO - ==================================================
2025-06-10 03:17:22,414 - INFO - Starting FastAPI server
2025-06-10 03:17:22,415 - INFO - ==================================================
2025-06-10 03:17:27,568 - INFO - ==================================================
2025-06-10 03:17:27,568 - INFO - Starting FastAPI server
2025-06-10 03:17:27,568 - INFO - ==================================================
2025-06-10 03:17:29,117 - INFO - ==================================================
2025-06-10 03:17:29,118 - INFO - Starting FastAPI server
2025-06-10 03:17:29,118 - INFO - ==================================================
2025-06-10 03:17:37,119 - INFO - Simulation request received for 2 tokens
2025-06-10 03:17:37,120 - INFO - Request parameters: amount_usd=1000.0, timeframe_minutes=5
2025-06-10 03:17:37,120 - INFO - Using start timestamp: 1749287820
2025-06-10 03:17:37,120 - ERROR - Error processing token 2VqtrBXmgkNa3oeJwgnBUdNL5yJhq8kddqYtPVGKbonk: name 'sem' is not defined
Traceback (most recent call last):
  File "C:\Users\alexj\OneDrive\Desktop\traderRanker\main.py", line 427, in simulate
    current_price = await fetch_current_price(session, mint)
                    ^^^^^^^^^^^^^^^^^^^^^^^^^^^^^^^^^^^^^^^^
  File "C:\Users\alexj\OneDrive\Desktop\traderRanker\main.py", line 181, in fetch_current_price
    async with sem:
               ^^^
NameError: name 'sem' is not defined
2025-06-10 03:17:37,337 - ERROR - Error processing token GtvNHBp3RJZaQbLvrZmRszDSowR119u6qnJVvn7ypump: name 'sem' is not defined
Traceback (most recent call last):
  File "C:\Users\alexj\OneDrive\Desktop\traderRanker\main.py", line 427, in simulate
    current_price = await fetch_current_price(session, mint)
                    ^^^^^^^^^^^^^^^^^^^^^^^^^^^^^^^^^^^^^^^^
  File "C:\Users\alexj\OneDrive\Desktop\traderRanker\main.py", line 181, in fetch_current_price
    async with sem:
               ^^^
NameError: name 'sem' is not defined
2025-06-10 03:17:37,544 - INFO - Completed simulation for 2 tokens
2025-06-10 03:17:37,544 - ERROR - All tokens failed to process
2025-06-10 03:17:37,545 - ERROR - Simulation error: 500: All tokens failed to process. Check server logs for details.
Traceback (most recent call last):
  File "C:\Users\alexj\OneDrive\Desktop\traderRanker\main.py", line 482, in simulate
    raise HTTPException(
fastapi.exceptions.HTTPException: 500: All tokens failed to process. Check server logs for details.
2025-06-10 03:17:39,573 - INFO - Simulation request received for 2 tokens
2025-06-10 03:17:39,573 - INFO - Request parameters: amount_usd=1000.0, timeframe_minutes=5
2025-06-10 03:17:39,574 - INFO - Using start timestamp: 1749287820
2025-06-10 03:17:39,574 - ERROR - Error processing token 2VqtrBXmgkNa3oeJwgnBUdNL5yJhq8kddqYtPVGKbonk: name 'sem' is not defined
Traceback (most recent call last):
  File "C:\Users\alexj\OneDrive\Desktop\traderRanker\main.py", line 427, in simulate
    current_price = await fetch_current_price(session, mint)
                    ^^^^^^^^^^^^^^^^^^^^^^^^^^^^^^^^^^^^^^^^
  File "C:\Users\alexj\OneDrive\Desktop\traderRanker\main.py", line 181, in fetch_current_price
    async with sem:
               ^^^
NameError: name 'sem' is not defined
2025-06-10 03:17:39,776 - ERROR - Error processing token GtvNHBp3RJZaQbLvrZmRszDSowR119u6qnJVvn7ypump: name 'sem' is not defined
Traceback (most recent call last):
  File "C:\Users\alexj\OneDrive\Desktop\traderRanker\main.py", line 427, in simulate
    current_price = await fetch_current_price(session, mint)
                    ^^^^^^^^^^^^^^^^^^^^^^^^^^^^^^^^^^^^^^^^
  File "C:\Users\alexj\OneDrive\Desktop\traderRanker\main.py", line 181, in fetch_current_price
    async with sem:
               ^^^
NameError: name 'sem' is not defined
2025-06-10 03:17:39,982 - INFO - Completed simulation for 2 tokens
2025-06-10 03:17:39,983 - ERROR - All tokens failed to process
2025-06-10 03:17:39,984 - ERROR - Simulation error: 500: All tokens failed to process. Check server logs for details.
Traceback (most recent call last):
  File "C:\Users\alexj\OneDrive\Desktop\traderRanker\main.py", line 482, in simulate
    raise HTTPException(
fastapi.exceptions.HTTPException: 500: All tokens failed to process. Check server logs for details.
2025-06-10 03:17:44,579 - INFO - Simulation request received for 2 tokens
2025-06-10 03:17:44,580 - INFO - Request parameters: amount_usd=1000.0, timeframe_minutes=5
2025-06-10 03:17:44,580 - INFO - Using start timestamp: 1749287820
2025-06-10 03:17:44,580 - ERROR - Error processing token 2VqtrBXmgkNa3oeJwgnBUdNL5yJhq8kddqYtPVGKbonk: name 'sem' is not defined
Traceback (most recent call last):
  File "C:\Users\alexj\OneDrive\Desktop\traderRanker\main.py", line 427, in simulate
    current_price = await fetch_current_price(session, mint)
                    ^^^^^^^^^^^^^^^^^^^^^^^^^^^^^^^^^^^^^^^^
  File "C:\Users\alexj\OneDrive\Desktop\traderRanker\main.py", line 181, in fetch_current_price
    async with sem:
               ^^^
NameError: name 'sem' is not defined
2025-06-10 03:17:44,784 - ERROR - Error processing token GtvNHBp3RJZaQbLvrZmRszDSowR119u6qnJVvn7ypump: name 'sem' is not defined
Traceback (most recent call last):
  File "C:\Users\alexj\OneDrive\Desktop\traderRanker\main.py", line 427, in simulate
    current_price = await fetch_current_price(session, mint)
                    ^^^^^^^^^^^^^^^^^^^^^^^^^^^^^^^^^^^^^^^^
  File "C:\Users\alexj\OneDrive\Desktop\traderRanker\main.py", line 181, in fetch_current_price
    async with sem:
               ^^^
NameError: name 'sem' is not defined
2025-06-10 03:17:44,991 - INFO - Completed simulation for 2 tokens
2025-06-10 03:17:44,991 - ERROR - All tokens failed to process
2025-06-10 03:17:44,992 - ERROR - Simulation error: 500: All tokens failed to process. Check server logs for details.
Traceback (most recent call last):
  File "C:\Users\alexj\OneDrive\Desktop\traderRanker\main.py", line 482, in simulate
    raise HTTPException(
fastapi.exceptions.HTTPException: 500: All tokens failed to process. Check server logs for details.
2025-06-10 03:17:48,584 - INFO - Health check endpoint called
2025-06-10 03:18:18,573 - INFO - Health check endpoint called
2025-06-10 03:18:27,172 - INFO - ==================================================
2025-06-10 03:18:27,172 - INFO - Starting FastAPI server
2025-06-10 03:18:27,173 - INFO - ==================================================
2025-06-10 03:18:29,573 - INFO - ==================================================
2025-06-10 03:18:29,574 - INFO - Starting FastAPI server
2025-06-10 03:18:29,574 - INFO - ==================================================
2025-06-10 03:18:34,046 - INFO - Simulation request received for 2 tokens
2025-06-10 03:18:34,047 - INFO - Request parameters: amount_usd=1000.0, timeframe_minutes=5
2025-06-10 03:18:34,047 - INFO - Using start timestamp: 1749287880
2025-06-10 03:18:34,350 - ERROR - Token 2VqtrBXmgkNa3oeJwgnBUdNL5yJhq8kddqYtPVGKbonk not found in Birdeye API
2025-06-10 03:18:34,566 - WARNING - Rate limit hit for GtvNHBp3RJZaQbLvrZmRszDSowR119u6qnJVvn7ypump, waiting 2s before retry
2025-06-10 03:18:36,763 - ERROR - Token GtvNHBp3RJZaQbLvrZmRszDSowR119u6qnJVvn7ypump not found in Birdeye API
2025-06-10 03:18:36,764 - INFO - Completed simulation for 2 tokens
2025-06-10 03:18:36,764 - ERROR - All tokens failed to process
2025-06-10 03:18:36,765 - ERROR - Simulation error: 500: All tokens failed to process. Check server logs for details.
Traceback (most recent call last):
  File "C:\Users\alexj\OneDrive\Desktop\traderRanker\main.py", line 484, in simulate
    raise HTTPException(
fastapi.exceptions.HTTPException: 500: All tokens failed to process. Check server logs for details.
2025-06-10 03:18:39,583 - INFO - Simulation request received for 2 tokens
2025-06-10 03:18:39,583 - INFO - Request parameters: amount_usd=1000.0, timeframe_minutes=5
2025-06-10 03:18:39,584 - INFO - Using start timestamp: 1749287880
2025-06-10 03:18:39,863 - ERROR - Token 2VqtrBXmgkNa3oeJwgnBUdNL5yJhq8kddqYtPVGKbonk not found in Birdeye API
2025-06-10 03:18:40,072 - WARNING - Rate limit hit for GtvNHBp3RJZaQbLvrZmRszDSowR119u6qnJVvn7ypump, waiting 2s before retry
2025-06-10 03:18:42,299 - ERROR - Token GtvNHBp3RJZaQbLvrZmRszDSowR119u6qnJVvn7ypump not found in Birdeye API
2025-06-10 03:18:42,300 - INFO - Completed simulation for 2 tokens
2025-06-10 03:18:42,301 - ERROR - All tokens failed to process
2025-06-10 03:18:42,302 - ERROR - Simulation error: 500: All tokens failed to process. Check server logs for details.
Traceback (most recent call last):
  File "C:\Users\alexj\OneDrive\Desktop\traderRanker\main.py", line 484, in simulate
    raise HTTPException(
fastapi.exceptions.HTTPException: 500: All tokens failed to process. Check server logs for details.
2025-06-10 03:18:46,574 - INFO - Simulation request received for 2 tokens
2025-06-10 03:18:46,575 - INFO - Request parameters: amount_usd=1000.0, timeframe_minutes=5
2025-06-10 03:18:46,575 - INFO - Using start timestamp: 1749287880
2025-06-10 03:18:46,858 - ERROR - Token 2VqtrBXmgkNa3oeJwgnBUdNL5yJhq8kddqYtPVGKbonk not found in Birdeye API
2025-06-10 03:18:47,251 - WARNING - Rate limit hit for GtvNHBp3RJZaQbLvrZmRszDSowR119u6qnJVvn7ypump, waiting 2s before retry
2025-06-10 03:18:48,396 - INFO - Health check endpoint called
2025-06-10 03:18:49,479 - ERROR - Token GtvNHBp3RJZaQbLvrZmRszDSowR119u6qnJVvn7ypump not found in Birdeye API
2025-06-10 03:18:49,480 - INFO - Completed simulation for 2 tokens
2025-06-10 03:18:49,480 - ERROR - All tokens failed to process
2025-06-10 03:18:49,481 - ERROR - Simulation error: 500: All tokens failed to process. Check server logs for details.
Traceback (most recent call last):
  File "C:\Users\alexj\OneDrive\Desktop\traderRanker\main.py", line 484, in simulate
    raise HTTPException(
fastapi.exceptions.HTTPException: 500: All tokens failed to process. Check server logs for details.
2025-06-10 03:19:18,884 - INFO - Health check endpoint called
2025-06-10 03:19:39,850 - INFO - ==================================================
2025-06-10 03:19:39,851 - INFO - Starting FastAPI server
2025-06-10 03:19:39,851 - INFO - ==================================================
2025-06-10 03:19:44,418 - INFO - Simulation request received for 2 tokens
2025-06-10 03:19:44,418 - INFO - Request parameters: amount_usd=1000.0, timeframe_minutes=5
2025-06-10 03:19:44,419 - INFO - Using start timestamp: 1749287940
2025-06-10 03:19:44,657 - ERROR - Token 2VqtrBXmgkNa3oeJwgnBUdNL5yJhq8kddqYtPVGKbonk not found in Birdeye API
2025-06-10 03:19:45,045 - WARNING - Rate limit hit for GtvNHBp3RJZaQbLvrZmRszDSowR119u6qnJVvn7ypump, waiting 2s before retry
2025-06-10 03:19:47,238 - ERROR - Token GtvNHBp3RJZaQbLvrZmRszDSowR119u6qnJVvn7ypump not found in Birdeye API
2025-06-10 03:19:47,239 - INFO - Completed simulation for 2 tokens
2025-06-10 03:19:47,240 - ERROR - All tokens failed to process
2025-06-10 03:19:47,240 - ERROR - Simulation error: 500: All tokens failed to process. Check server logs for details.
Traceback (most recent call last):
  File "C:\Users\alexj\OneDrive\Desktop\traderRanker\main.py", line 484, in simulate
    raise HTTPException(
fastapi.exceptions.HTTPException: 500: All tokens failed to process. Check server logs for details.
2025-06-10 03:19:48,571 - INFO - Health check endpoint called
2025-06-10 03:19:49,584 - INFO - Simulation request received for 2 tokens
2025-06-10 03:19:49,584 - INFO - Request parameters: amount_usd=1000.0, timeframe_minutes=5
2025-06-10 03:19:49,585 - INFO - Using start timestamp: 1749287940
2025-06-10 03:19:49,817 - ERROR - Token 2VqtrBXmgkNa3oeJwgnBUdNL5yJhq8kddqYtPVGKbonk not found in Birdeye API
2025-06-10 03:19:50,030 - WARNING - Rate limit hit for GtvNHBp3RJZaQbLvrZmRszDSowR119u6qnJVvn7ypump, waiting 2s before retry
2025-06-10 03:19:52,245 - ERROR - Token GtvNHBp3RJZaQbLvrZmRszDSowR119u6qnJVvn7ypump not found in Birdeye API
2025-06-10 03:19:52,246 - INFO - Completed simulation for 2 tokens
2025-06-10 03:19:52,247 - ERROR - All tokens failed to process
2025-06-10 03:19:52,247 - ERROR - Simulation error: 500: All tokens failed to process. Check server logs for details.
Traceback (most recent call last):
  File "C:\Users\alexj\OneDrive\Desktop\traderRanker\main.py", line 484, in simulate
    raise HTTPException(
fastapi.exceptions.HTTPException: 500: All tokens failed to process. Check server logs for details.
2025-06-10 03:19:56,569 - INFO - Simulation request received for 2 tokens
2025-06-10 03:19:56,570 - INFO - Request parameters: amount_usd=1000.0, timeframe_minutes=5
2025-06-10 03:19:56,571 - INFO - Using start timestamp: 1749287940
2025-06-10 03:19:56,810 - ERROR - Token 2VqtrBXmgkNa3oeJwgnBUdNL5yJhq8kddqYtPVGKbonk not found in Birdeye API
2025-06-10 03:19:57,021 - WARNING - Rate limit hit for GtvNHBp3RJZaQbLvrZmRszDSowR119u6qnJVvn7ypump, waiting 2s before retry
2025-06-10 03:19:59,311 - ERROR - Token GtvNHBp3RJZaQbLvrZmRszDSowR119u6qnJVvn7ypump not found in Birdeye API
2025-06-10 03:19:59,311 - INFO - Completed simulation for 2 tokens
2025-06-10 03:19:59,312 - ERROR - All tokens failed to process
2025-06-10 03:19:59,312 - ERROR - Simulation error: 500: All tokens failed to process. Check server logs for details.
Traceback (most recent call last):
  File "C:\Users\alexj\OneDrive\Desktop\traderRanker\main.py", line 484, in simulate
    raise HTTPException(
fastapi.exceptions.HTTPException: 500: All tokens failed to process. Check server logs for details.
2025-06-10 03:20:18,579 - INFO - Health check endpoint called
2025-06-10 03:20:26,241 - INFO - ==================================================
2025-06-10 03:20:26,241 - INFO - Starting FastAPI server
2025-06-10 03:20:26,242 - INFO - ==================================================
2025-06-10 03:20:37,987 - INFO - ==================================================
2025-06-10 03:20:37,987 - INFO - Starting FastAPI server
2025-06-10 03:20:37,988 - INFO - ==================================================
2025-06-10 03:20:48,895 - INFO - Health check endpoint called
2025-06-10 03:20:57,608 - INFO - ==================================================
2025-06-10 03:20:57,609 - INFO - Starting FastAPI server
2025-06-10 03:20:57,609 - INFO - ==================================================
2025-06-10 03:21:18,883 - INFO - Health check endpoint called
2025-06-10 03:21:40,320 - INFO - ==================================================
2025-06-10 03:21:40,320 - INFO - Starting FastAPI server
2025-06-10 03:21:40,320 - INFO - ==================================================
2025-06-10 03:21:42,366 - INFO - ==================================================
2025-06-10 03:21:42,366 - INFO - Starting FastAPI server
2025-06-10 03:21:42,367 - INFO - ==================================================
2025-06-10 03:21:48,881 - INFO - Health check endpoint called
2025-06-10 03:21:52,228 - INFO - Simulation request received for 2 tokens
2025-06-10 03:21:52,228 - INFO - Request parameters: amount_usd=1000.0, timeframe_minutes=5
2025-06-10 03:21:52,231 - INFO - Using start timestamp: 1749288060
2025-06-10 03:21:53,055 - INFO - Birdeye API response for 2VqtrBXmgkNa3oeJwgnBUdNL5yJhq8kddqYtPVGKbonk: Status=200, Response={"data":{"items":[{"address":"2VqtrBXmgkNa3oeJwgnBUdNL5yJhq8kddqYtPVGKbonk","unixTime":1749547200,"value":0.000011244992593856766},{"address":"2VqtrBXmgkNa3oeJwgnBUdNL5yJhq8kddqYtPVGKbonk","unixTime":1749547260,"value":0.000011244992593856766}]},"success":true}
2025-06-10 03:21:53,056 - INFO - Current price for 2VqtrBXmgkNa3oeJwgnBUdNL5yJhq8kddqYtPVGKbonk: 1.1244992593856766e-05
2025-06-10 03:21:53,056 - INFO - Fetching price history for 2VqtrBXmgkNa3oeJwgnBUdNL5yJhq8kddqYtPVGKbonk
2025-06-10 03:21:53,057 - INFO - Fetching price history for 2VqtrBXmgkNa3oeJwgnBUdNL5yJhq8kddqYtPVGKbonk from 1749288060 to 1749547260
2025-06-10 03:21:53,362 - ERROR - Failed to fetch price history for 2VqtrBXmgkNa3oeJwgnBUdNL5yJhq8kddqYtPVGKbonk. Status: 429, Response: {"success":false,"message":"Too many requests"}
2025-06-10 03:21:53,362 - ERROR - Error fetching price history for 2VqtrBXmgkNa3oeJwgnBUdNL5yJhq8kddqYtPVGKbonk: 429, message='{"success":false,"message":"Too many requests"}', url='https://public-api.birdeye.so/defi/history_price?address=2VqtrBXmgkNa3oeJwgnBUdNL5yJhq8kddqYtPVGKbonk&address_type=token&type=1m&time_from=1749288060&time_to=1749547260'
Traceback (most recent call last):
  File "C:\Users\alexj\OneDrive\Desktop\traderRanker\main.py", line 148, in fetch_history_price
    raise aiohttp.ClientResponseError(
aiohttp.client_exceptions.ClientResponseError: 429, message='{"success":false,"message":"Too many requests"}', url='https://public-api.birdeye.so/defi/history_price?address=2VqtrBXmgkNa3oeJwgnBUdNL5yJhq8kddqYtPVGKbonk&address_type=token&type=1m&time_from=1749288060&time_to=1749547260'
2025-06-10 03:21:56,168 - INFO - Successfully retrieved 1000 valid price points for 2VqtrBXmgkNa3oeJwgnBUdNL5yJhq8kddqYtPVGKbonk
2025-06-10 03:21:56,168 - INFO - Processing 1000 data points for 2VqtrBXmgkNa3oeJwgnBUdNL5yJhq8kddqYtPVGKbonk
2025-06-10 03:21:56,174 - INFO - Built OHLC data with shape: (201, 6)
2025-06-10 03:21:56,174 - INFO - Built OHLC data for 2VqtrBXmgkNa3oeJwgnBUdNL5yJhq8kddqYtPVGKbonk with shape: (201, 6)
2025-06-10 03:21:56,177 - ERROR - Error processing token 2VqtrBXmgkNa3oeJwgnBUdNL5yJhq8kddqYtPVGKbonk: 'int' object has no attribute 'timestamp'
Traceback (most recent call last):
  File "C:\Users\alexj\OneDrive\Desktop\traderRanker\main.py", line 515, in simulate
    sim = run_simulation(df_ohlc, req.amount_usd, current_price)
          ^^^^^^^^^^^^^^^^^^^^^^^^^^^^^^^^^^^^^^^^^^^^^^^^^^^^^^
  File "C:\Users\alexj\OneDrive\Desktop\traderRanker\main.py", line 356, in run_simulation
    "timestamp": int(timestamp.timestamp()),
                     ^^^^^^^^^^^^^^^^^^^
AttributeError: 'int' object has no attribute 'timestamp'
2025-06-10 03:21:56,634 - INFO - Birdeye API response for GtvNHBp3RJZaQbLvrZmRszDSowR119u6qnJVvn7ypump: Status=429, Response={"success":false,"message":"Too many requests"}
2025-06-10 03:21:56,635 - WARNING - Rate limit hit for GtvNHBp3RJZaQbLvrZmRszDSowR119u6qnJVvn7ypump, waiting 2s before retry
2025-06-10 03:21:58,962 - INFO - Birdeye API response for GtvNHBp3RJZaQbLvrZmRszDSowR119u6qnJVvn7ypump: Status=200, Response={"data":{"items":[{"address":"GtvNHBp3RJZaQbLvrZmRszDSowR119u6qnJVvn7ypump","unixTime":1749547200,"value":0.000007190119652371102},{"address":"GtvNHBp3RJZaQbLvrZmRszDSowR119u6qnJVvn7ypump","unixTime":1749547260,"value":0.000007190119652371102}]},"success":true}
2025-06-10 03:21:58,962 - INFO - Current price for GtvNHBp3RJZaQbLvrZmRszDSowR119u6qnJVvn7ypump: 7.190119652371102e-06
2025-06-10 03:21:58,963 - INFO - Fetching price history for GtvNHBp3RJZaQbLvrZmRszDSowR119u6qnJVvn7ypump
2025-06-10 03:21:58,963 - INFO - Fetching price history for GtvNHBp3RJZaQbLvrZmRszDSowR119u6qnJVvn7ypump from 1749288060 to 1749547260
2025-06-10 03:21:59,191 - ERROR - Failed to fetch price history for GtvNHBp3RJZaQbLvrZmRszDSowR119u6qnJVvn7ypump. Status: 429, Response: {"success":false,"message":"Too many requests"}
2025-06-10 03:21:59,192 - ERROR - Error fetching price history for GtvNHBp3RJZaQbLvrZmRszDSowR119u6qnJVvn7ypump: 429, message='{"success":false,"message":"Too many requests"}', url='https://public-api.birdeye.so/defi/history_price?address=GtvNHBp3RJZaQbLvrZmRszDSowR119u6qnJVvn7ypump&address_type=token&type=1m&time_from=1749288060&time_to=1749547260'
Traceback (most recent call last):
  File "C:\Users\alexj\OneDrive\Desktop\traderRanker\main.py", line 148, in fetch_history_price
    raise aiohttp.ClientResponseError(
aiohttp.client_exceptions.ClientResponseError: 429, message='{"success":false,"message":"Too many requests"}', url='https://public-api.birdeye.so/defi/history_price?address=GtvNHBp3RJZaQbLvrZmRszDSowR119u6qnJVvn7ypump&address_type=token&type=1m&time_from=1749288060&time_to=1749547260'
2025-06-10 03:22:01,881 - INFO - Successfully retrieved 1000 valid price points for GtvNHBp3RJZaQbLvrZmRszDSowR119u6qnJVvn7ypump
2025-06-10 03:22:01,882 - INFO - Processing 1000 data points for GtvNHBp3RJZaQbLvrZmRszDSowR119u6qnJVvn7ypump
2025-06-10 03:22:01,885 - INFO - Built OHLC data with shape: (201, 6)
2025-06-10 03:22:01,886 - INFO - Built OHLC data for GtvNHBp3RJZaQbLvrZmRszDSowR119u6qnJVvn7ypump with shape: (201, 6)
2025-06-10 03:22:01,887 - ERROR - Error processing token GtvNHBp3RJZaQbLvrZmRszDSowR119u6qnJVvn7ypump: 'int' object has no attribute 'timestamp'
Traceback (most recent call last):
  File "C:\Users\alexj\OneDrive\Desktop\traderRanker\main.py", line 515, in simulate
    sim = run_simulation(df_ohlc, req.amount_usd, current_price)
          ^^^^^^^^^^^^^^^^^^^^^^^^^^^^^^^^^^^^^^^^^^^^^^^^^^^^^^
  File "C:\Users\alexj\OneDrive\Desktop\traderRanker\main.py", line 356, in run_simulation
    "timestamp": int(timestamp.timestamp()),
                     ^^^^^^^^^^^^^^^^^^^
AttributeError: 'int' object has no attribute 'timestamp'
2025-06-10 03:22:02,092 - INFO - Completed simulation for 2 tokens
2025-06-10 03:22:02,092 - ERROR - All tokens failed to process
2025-06-10 03:22:02,093 - ERROR - Simulation error: 500: All tokens failed to process. Check server logs for details.
Traceback (most recent call last):
  File "C:\Users\alexj\OneDrive\Desktop\traderRanker\main.py", line 537, in simulate
    raise HTTPException(
fastapi.exceptions.HTTPException: 500: All tokens failed to process. Check server logs for details.
2025-06-10 03:22:04,577 - INFO - Simulation request received for 2 tokens
2025-06-10 03:22:04,577 - INFO - Request parameters: amount_usd=1000.0, timeframe_minutes=5
2025-06-10 03:22:04,578 - INFO - Using start timestamp: 1749288120
2025-06-10 03:22:04,993 - INFO - Birdeye API response for 2VqtrBXmgkNa3oeJwgnBUdNL5yJhq8kddqYtPVGKbonk: Status=200, Response={"data":{"items":[{"address":"2VqtrBXmgkNa3oeJwgnBUdNL5yJhq8kddqYtPVGKbonk","unixTime":1749547260,"value":0.000011244992593856766},{"address":"2VqtrBXmgkNa3oeJwgnBUdNL5yJhq8kddqYtPVGKbonk","unixTime":1749547320,"value":0.000011244992593856766}]},"success":true}
2025-06-10 03:22:04,994 - INFO - Current price for 2VqtrBXmgkNa3oeJwgnBUdNL5yJhq8kddqYtPVGKbonk: 1.1244992593856766e-05
2025-06-10 03:22:04,995 - INFO - Fetching price history for 2VqtrBXmgkNa3oeJwgnBUdNL5yJhq8kddqYtPVGKbonk
2025-06-10 03:22:04,995 - INFO - Fetching price history for 2VqtrBXmgkNa3oeJwgnBUdNL5yJhq8kddqYtPVGKbonk from 1749288120 to 1749547320
2025-06-10 03:22:05,263 - ERROR - Failed to fetch price history for 2VqtrBXmgkNa3oeJwgnBUdNL5yJhq8kddqYtPVGKbonk. Status: 429, Response: {"success":false,"message":"Too many requests"}
2025-06-10 03:22:05,264 - ERROR - Error fetching price history for 2VqtrBXmgkNa3oeJwgnBUdNL5yJhq8kddqYtPVGKbonk: 429, message='{"success":false,"message":"Too many requests"}', url='https://public-api.birdeye.so/defi/history_price?address=2VqtrBXmgkNa3oeJwgnBUdNL5yJhq8kddqYtPVGKbonk&address_type=token&type=1m&time_from=1749288120&time_to=1749547320'
Traceback (most recent call last):
  File "C:\Users\alexj\OneDrive\Desktop\traderRanker\main.py", line 148, in fetch_history_price
    raise aiohttp.ClientResponseError(
aiohttp.client_exceptions.ClientResponseError: 429, message='{"success":false,"message":"Too many requests"}', url='https://public-api.birdeye.so/defi/history_price?address=2VqtrBXmgkNa3oeJwgnBUdNL5yJhq8kddqYtPVGKbonk&address_type=token&type=1m&time_from=1749288120&time_to=1749547320'
2025-06-10 03:22:07,978 - INFO - Successfully retrieved 1000 valid price points for 2VqtrBXmgkNa3oeJwgnBUdNL5yJhq8kddqYtPVGKbonk
2025-06-10 03:22:07,978 - INFO - Processing 1000 data points for 2VqtrBXmgkNa3oeJwgnBUdNL5yJhq8kddqYtPVGKbonk
2025-06-10 03:22:07,981 - INFO - Built OHLC data with shape: (201, 6)
2025-06-10 03:22:07,982 - INFO - Built OHLC data for 2VqtrBXmgkNa3oeJwgnBUdNL5yJhq8kddqYtPVGKbonk with shape: (201, 6)
2025-06-10 03:22:07,983 - ERROR - Error processing token 2VqtrBXmgkNa3oeJwgnBUdNL5yJhq8kddqYtPVGKbonk: 'int' object has no attribute 'timestamp'
Traceback (most recent call last):
  File "C:\Users\alexj\OneDrive\Desktop\traderRanker\main.py", line 515, in simulate
    sim = run_simulation(df_ohlc, req.amount_usd, current_price)
          ^^^^^^^^^^^^^^^^^^^^^^^^^^^^^^^^^^^^^^^^^^^^^^^^^^^^^^
  File "C:\Users\alexj\OneDrive\Desktop\traderRanker\main.py", line 356, in run_simulation
    "timestamp": int(timestamp.timestamp()),
                     ^^^^^^^^^^^^^^^^^^^
AttributeError: 'int' object has no attribute 'timestamp'
2025-06-10 03:22:08,467 - INFO - Birdeye API response for GtvNHBp3RJZaQbLvrZmRszDSowR119u6qnJVvn7ypump: Status=429, Response={"success":false,"message":"Too many requests"}
2025-06-10 03:22:08,467 - WARNING - Rate limit hit for GtvNHBp3RJZaQbLvrZmRszDSowR119u6qnJVvn7ypump, waiting 2s before retry
2025-06-10 03:22:10,875 - INFO - Birdeye API response for GtvNHBp3RJZaQbLvrZmRszDSowR119u6qnJVvn7ypump: Status=200, Response={"data":{"items":[{"address":"GtvNHBp3RJZaQbLvrZmRszDSowR119u6qnJVvn7ypump","unixTime":1749547260,"value":0.000007190119652371102},{"address":"GtvNHBp3RJZaQbLvrZmRszDSowR119u6qnJVvn7ypump","unixTime":1749547320,"value":0.000007190119652371102}]},"success":true}
2025-06-10 03:22:10,876 - INFO - Current price for GtvNHBp3RJZaQbLvrZmRszDSowR119u6qnJVvn7ypump: 7.190119652371102e-06
2025-06-10 03:22:10,877 - INFO - Fetching price history for GtvNHBp3RJZaQbLvrZmRszDSowR119u6qnJVvn7ypump
2025-06-10 03:22:10,877 - INFO - Fetching price history for GtvNHBp3RJZaQbLvrZmRszDSowR119u6qnJVvn7ypump from 1749288120 to 1749547320
2025-06-10 03:22:11,126 - ERROR - Failed to fetch price history for GtvNHBp3RJZaQbLvrZmRszDSowR119u6qnJVvn7ypump. Status: 429, Response: {"success":false,"message":"Too many requests"}
2025-06-10 03:22:11,126 - ERROR - Error fetching price history for GtvNHBp3RJZaQbLvrZmRszDSowR119u6qnJVvn7ypump: 429, message='{"success":false,"message":"Too many requests"}', url='https://public-api.birdeye.so/defi/history_price?address=GtvNHBp3RJZaQbLvrZmRszDSowR119u6qnJVvn7ypump&address_type=token&type=1m&time_from=1749288120&time_to=1749547320'
Traceback (most recent call last):
  File "C:\Users\alexj\OneDrive\Desktop\traderRanker\main.py", line 148, in fetch_history_price
    raise aiohttp.ClientResponseError(
aiohttp.client_exceptions.ClientResponseError: 429, message='{"success":false,"message":"Too many requests"}', url='https://public-api.birdeye.so/defi/history_price?address=GtvNHBp3RJZaQbLvrZmRszDSowR119u6qnJVvn7ypump&address_type=token&type=1m&time_from=1749288120&time_to=1749547320'
2025-06-10 03:22:13,922 - INFO - Successfully retrieved 1000 valid price points for GtvNHBp3RJZaQbLvrZmRszDSowR119u6qnJVvn7ypump
2025-06-10 03:22:13,922 - INFO - Processing 1000 data points for GtvNHBp3RJZaQbLvrZmRszDSowR119u6qnJVvn7ypump
2025-06-10 03:22:13,926 - INFO - Built OHLC data with shape: (201, 6)
2025-06-10 03:22:13,926 - INFO - Built OHLC data for GtvNHBp3RJZaQbLvrZmRszDSowR119u6qnJVvn7ypump with shape: (201, 6)
2025-06-10 03:22:13,928 - ERROR - Error processing token GtvNHBp3RJZaQbLvrZmRszDSowR119u6qnJVvn7ypump: 'int' object has no attribute 'timestamp'
Traceback (most recent call last):
  File "C:\Users\alexj\OneDrive\Desktop\traderRanker\main.py", line 515, in simulate
    sim = run_simulation(df_ohlc, req.amount_usd, current_price)
          ^^^^^^^^^^^^^^^^^^^^^^^^^^^^^^^^^^^^^^^^^^^^^^^^^^^^^^
  File "C:\Users\alexj\OneDrive\Desktop\traderRanker\main.py", line 356, in run_simulation
    "timestamp": int(timestamp.timestamp()),
                     ^^^^^^^^^^^^^^^^^^^
AttributeError: 'int' object has no attribute 'timestamp'
2025-06-10 03:22:14,122 - INFO - Completed simulation for 2 tokens
2025-06-10 03:22:14,122 - ERROR - All tokens failed to process
2025-06-10 03:22:14,123 - ERROR - Simulation error: 500: All tokens failed to process. Check server logs for details.
Traceback (most recent call last):
  File "C:\Users\alexj\OneDrive\Desktop\traderRanker\main.py", line 537, in simulate
    raise HTTPException(
fastapi.exceptions.HTTPException: 500: All tokens failed to process. Check server logs for details.
2025-06-10 03:22:18,581 - INFO - Simulation request received for 2 tokens
2025-06-10 03:22:18,582 - INFO - Request parameters: amount_usd=1000.0, timeframe_minutes=5
2025-06-10 03:22:18,582 - INFO - Using start timestamp: 1749288120
2025-06-10 03:22:18,583 - INFO - Health check endpoint called
2025-06-10 03:22:18,962 - INFO - Birdeye API response for 2VqtrBXmgkNa3oeJwgnBUdNL5yJhq8kddqYtPVGKbonk: Status=200, Response={"data":{"items":[{"address":"2VqtrBXmgkNa3oeJwgnBUdNL5yJhq8kddqYtPVGKbonk","unixTime":1749547260,"value":0.000011244992593856766},{"address":"2VqtrBXmgkNa3oeJwgnBUdNL5yJhq8kddqYtPVGKbonk","unixTime":1749547320,"value":0.000011244992593856766}]},"success":true}
2025-06-10 03:22:18,963 - INFO - Current price for 2VqtrBXmgkNa3oeJwgnBUdNL5yJhq8kddqYtPVGKbonk: 1.1244992593856766e-05
2025-06-10 03:22:18,964 - INFO - Fetching price history for 2VqtrBXmgkNa3oeJwgnBUdNL5yJhq8kddqYtPVGKbonk
2025-06-10 03:22:18,964 - INFO - Fetching price history for 2VqtrBXmgkNa3oeJwgnBUdNL5yJhq8kddqYtPVGKbonk from 1749288120 to 1749547320
2025-06-10 03:22:19,228 - ERROR - Failed to fetch price history for 2VqtrBXmgkNa3oeJwgnBUdNL5yJhq8kddqYtPVGKbonk. Status: 429, Response: {"success":false,"message":"Too many requests"}
2025-06-10 03:22:19,229 - ERROR - Error fetching price history for 2VqtrBXmgkNa3oeJwgnBUdNL5yJhq8kddqYtPVGKbonk: 429, message='{"success":false,"message":"Too many requests"}', url='https://public-api.birdeye.so/defi/history_price?address=2VqtrBXmgkNa3oeJwgnBUdNL5yJhq8kddqYtPVGKbonk&address_type=token&type=1m&time_from=1749288120&time_to=1749547320'
Traceback (most recent call last):
  File "C:\Users\alexj\OneDrive\Desktop\traderRanker\main.py", line 148, in fetch_history_price
    raise aiohttp.ClientResponseError(
aiohttp.client_exceptions.ClientResponseError: 429, message='{"success":false,"message":"Too many requests"}', url='https://public-api.birdeye.so/defi/history_price?address=2VqtrBXmgkNa3oeJwgnBUdNL5yJhq8kddqYtPVGKbonk&address_type=token&type=1m&time_from=1749288120&time_to=1749547320'
2025-06-10 03:22:22,035 - INFO - Successfully retrieved 1000 valid price points for 2VqtrBXmgkNa3oeJwgnBUdNL5yJhq8kddqYtPVGKbonk
2025-06-10 03:22:22,036 - INFO - Processing 1000 data points for 2VqtrBXmgkNa3oeJwgnBUdNL5yJhq8kddqYtPVGKbonk
2025-06-10 03:22:22,039 - INFO - Built OHLC data with shape: (201, 6)
2025-06-10 03:22:22,040 - INFO - Built OHLC data for 2VqtrBXmgkNa3oeJwgnBUdNL5yJhq8kddqYtPVGKbonk with shape: (201, 6)
2025-06-10 03:22:22,041 - ERROR - Error processing token 2VqtrBXmgkNa3oeJwgnBUdNL5yJhq8kddqYtPVGKbonk: 'int' object has no attribute 'timestamp'
Traceback (most recent call last):
  File "C:\Users\alexj\OneDrive\Desktop\traderRanker\main.py", line 515, in simulate
    sim = run_simulation(df_ohlc, req.amount_usd, current_price)
          ^^^^^^^^^^^^^^^^^^^^^^^^^^^^^^^^^^^^^^^^^^^^^^^^^^^^^^
  File "C:\Users\alexj\OneDrive\Desktop\traderRanker\main.py", line 356, in run_simulation
    "timestamp": int(timestamp.timestamp()),
                     ^^^^^^^^^^^^^^^^^^^
AttributeError: 'int' object has no attribute 'timestamp'
2025-06-10 03:22:22,520 - INFO - Birdeye API response for GtvNHBp3RJZaQbLvrZmRszDSowR119u6qnJVvn7ypump: Status=429, Response={"success":false,"message":"Too many requests"}
2025-06-10 03:22:22,520 - WARNING - Rate limit hit for GtvNHBp3RJZaQbLvrZmRszDSowR119u6qnJVvn7ypump, waiting 2s before retry
2025-06-10 03:22:24,843 - INFO - Birdeye API response for GtvNHBp3RJZaQbLvrZmRszDSowR119u6qnJVvn7ypump: Status=200, Response={"data":{"items":[{"address":"GtvNHBp3RJZaQbLvrZmRszDSowR119u6qnJVvn7ypump","unixTime":1749547260,"value":0.000007190119652371102},{"address":"GtvNHBp3RJZaQbLvrZmRszDSowR119u6qnJVvn7ypump","unixTime":1749547320,"value":0.000007190119652371102}]},"success":true}
2025-06-10 03:22:24,843 - INFO - Current price for GtvNHBp3RJZaQbLvrZmRszDSowR119u6qnJVvn7ypump: 7.190119652371102e-06
2025-06-10 03:22:24,844 - INFO - Fetching price history for GtvNHBp3RJZaQbLvrZmRszDSowR119u6qnJVvn7ypump
2025-06-10 03:22:24,844 - INFO - Fetching price history for GtvNHBp3RJZaQbLvrZmRszDSowR119u6qnJVvn7ypump from 1749288120 to 1749547320
2025-06-10 03:22:25,094 - ERROR - Failed to fetch price history for GtvNHBp3RJZaQbLvrZmRszDSowR119u6qnJVvn7ypump. Status: 429, Response: {"success":false,"message":"Too many requests"}
2025-06-10 03:22:25,095 - ERROR - Error fetching price history for GtvNHBp3RJZaQbLvrZmRszDSowR119u6qnJVvn7ypump: 429, message='{"success":false,"message":"Too many requests"}', url='https://public-api.birdeye.so/defi/history_price?address=GtvNHBp3RJZaQbLvrZmRszDSowR119u6qnJVvn7ypump&address_type=token&type=1m&time_from=1749288120&time_to=1749547320'
Traceback (most recent call last):
  File "C:\Users\alexj\OneDrive\Desktop\traderRanker\main.py", line 148, in fetch_history_price
    raise aiohttp.ClientResponseError(
aiohttp.client_exceptions.ClientResponseError: 429, message='{"success":false,"message":"Too many requests"}', url='https://public-api.birdeye.so/defi/history_price?address=GtvNHBp3RJZaQbLvrZmRszDSowR119u6qnJVvn7ypump&address_type=token&type=1m&time_from=1749288120&time_to=1749547320'
2025-06-10 03:22:27,839 - INFO - Successfully retrieved 1000 valid price points for GtvNHBp3RJZaQbLvrZmRszDSowR119u6qnJVvn7ypump
2025-06-10 03:22:27,839 - INFO - Processing 1000 data points for GtvNHBp3RJZaQbLvrZmRszDSowR119u6qnJVvn7ypump
2025-06-10 03:22:27,843 - INFO - Built OHLC data with shape: (201, 6)
2025-06-10 03:22:27,843 - INFO - Built OHLC data for GtvNHBp3RJZaQbLvrZmRszDSowR119u6qnJVvn7ypump with shape: (201, 6)
2025-06-10 03:22:27,845 - ERROR - Error processing token GtvNHBp3RJZaQbLvrZmRszDSowR119u6qnJVvn7ypump: 'int' object has no attribute 'timestamp'
Traceback (most recent call last):
  File "C:\Users\alexj\OneDrive\Desktop\traderRanker\main.py", line 515, in simulate
    sim = run_simulation(df_ohlc, req.amount_usd, current_price)
          ^^^^^^^^^^^^^^^^^^^^^^^^^^^^^^^^^^^^^^^^^^^^^^^^^^^^^^
  File "C:\Users\alexj\OneDrive\Desktop\traderRanker\main.py", line 356, in run_simulation
    "timestamp": int(timestamp.timestamp()),
                     ^^^^^^^^^^^^^^^^^^^
AttributeError: 'int' object has no attribute 'timestamp'
2025-06-10 03:22:28,046 - INFO - Completed simulation for 2 tokens
2025-06-10 03:22:28,047 - ERROR - All tokens failed to process
2025-06-10 03:22:28,048 - ERROR - Simulation error: 500: All tokens failed to process. Check server logs for details.
Traceback (most recent call last):
  File "C:\Users\alexj\OneDrive\Desktop\traderRanker\main.py", line 537, in simulate
    raise HTTPException(
fastapi.exceptions.HTTPException: 500: All tokens failed to process. Check server logs for details.
2025-06-10 03:23:31,097 - INFO - ==================================================
2025-06-10 03:23:31,097 - INFO - Starting FastAPI server
2025-06-10 03:23:31,098 - INFO - ==================================================
2025-06-10 03:23:42,879 - INFO - Health check endpoint called
2025-06-10 03:23:45,264 - INFO - Simulation request received for 2 tokens
2025-06-10 03:23:45,264 - INFO - Request parameters: amount_usd=1000.0, timeframe_minutes=5
2025-06-10 03:23:45,267 - INFO - Using start timestamp: 1749288180
2025-06-10 03:23:45,754 - INFO - Birdeye API response for 2VqtrBXmgkNa3oeJwgnBUdNL5yJhq8kddqYtPVGKbonk: Status=200, Response={"data":{"items":[{"address":"2VqtrBXmgkNa3oeJwgnBUdNL5yJhq8kddqYtPVGKbonk","unixTime":1749547320,"value":0.000011244992593856766},{"address":"2VqtrBXmgkNa3oeJwgnBUdNL5yJhq8kddqYtPVGKbonk","unixTime":1749547380,"value":0.000011244992593856766}]},"success":true}
2025-06-10 03:23:45,755 - INFO - Current price for 2VqtrBXmgkNa3oeJwgnBUdNL5yJhq8kddqYtPVGKbonk: 1.1244992593856766e-05
2025-06-10 03:23:45,755 - INFO - Fetching price history for 2VqtrBXmgkNa3oeJwgnBUdNL5yJhq8kddqYtPVGKbonk
2025-06-10 03:23:45,756 - INFO - Fetching price history for 2VqtrBXmgkNa3oeJwgnBUdNL5yJhq8kddqYtPVGKbonk from 1749288180 to 1749547380
2025-06-10 03:23:46,025 - ERROR - Failed to fetch price history for 2VqtrBXmgkNa3oeJwgnBUdNL5yJhq8kddqYtPVGKbonk. Status: 429, Response: {"success":false,"message":"Too many requests"}
2025-06-10 03:23:46,026 - ERROR - Error fetching price history for 2VqtrBXmgkNa3oeJwgnBUdNL5yJhq8kddqYtPVGKbonk: 429, message='{"success":false,"message":"Too many requests"}', url='https://public-api.birdeye.so/defi/history_price?address=2VqtrBXmgkNa3oeJwgnBUdNL5yJhq8kddqYtPVGKbonk&address_type=token&type=1m&time_from=1749288180&time_to=1749547380'
Traceback (most recent call last):
  File "C:\Users\alexj\OneDrive\Desktop\traderRanker\main.py", line 148, in fetch_history_price
    raise aiohttp.ClientResponseError(
aiohttp.client_exceptions.ClientResponseError: 429, message='{"success":false,"message":"Too many requests"}', url='https://public-api.birdeye.so/defi/history_price?address=2VqtrBXmgkNa3oeJwgnBUdNL5yJhq8kddqYtPVGKbonk&address_type=token&type=1m&time_from=1749288180&time_to=1749547380'
2025-06-10 03:23:48,770 - INFO - Successfully retrieved 1000 valid price points for 2VqtrBXmgkNa3oeJwgnBUdNL5yJhq8kddqYtPVGKbonk
2025-06-10 03:23:48,771 - INFO - Processing 1000 data points for 2VqtrBXmgkNa3oeJwgnBUdNL5yJhq8kddqYtPVGKbonk
2025-06-10 03:23:48,778 - INFO - Built OHLC data with shape: (201, 6)
2025-06-10 03:23:48,779 - INFO - Built OHLC data for 2VqtrBXmgkNa3oeJwgnBUdNL5yJhq8kddqYtPVGKbonk with shape: (201, 6)
2025-06-10 03:23:48,786 - INFO - Simulation results for 2VqtrBXmgkNa3oeJwgnBUdNL5yJhq8kddqYtPVGKbonk: {'entry_price': 0.0, 'current_price': 0.0, 'amount_usd': 1000.0, 'final_usd': 1073.94, 'roi_percent': 7.39, 'tps_hit': [False, False], 'sls_hit': [False, False], 'position_values': [{'timestamp': 0, 'value': 1000.0, 'price': 0.0, 'remaining_position': 100.0}, {'timestamp': 1, 'value': 1000.0, 'price': 0.0, 'remaining_position': 100.0}, {'timestamp': 2, 'value': 1000.0, 'price': 0.0, 'remaining_position': 100.0}, {'timestamp': 3, 'value': 1000.0, 'price': 0.0, 'remaining_position': 100.0}, {'timestamp': 4, 'value': 1000.0, 'price': 0.0, 'remaining_position': 100.0}, {'timestamp': 5, 'value': 1000.0, 'price': 0.0, 'remaining_position': 100.0}, {'timestamp': 6, 'value': 1000.0, 'price': 0.0, 'remaining_position': 100.0}, {'timestamp': 7, 'value': 1000.0, 'price': 0.0, 'remaining_position': 100.0}, {'timestamp': 8, 'value': 1000.0, 'price': 0.0, 'remaining_position': 100.0}, {'timestamp': 9, 'value': 1000.0, 'price': 0.0, 'remaining_position': 100.0}, {'timestamp': 10, 'value': 1000.0, 'price': 0.0, 'remaining_position': 100.0}, {'timestamp': 11, 'value': 1000.0, 'price': 0.0, 'remaining_position': 100.0}, {'timestamp': 12, 'value': 1000.0, 'price': 0.0, 'remaining_position': 100.0}, {'timestamp': 13, 'value': 1000.0, 'price': 0.0, 'remaining_position': 100.0}, {'timestamp': 14, 'value': 1000.0, 'price': 0.0, 'remaining_position': 100.0}, {'timestamp': 15, 'value': 1000.0, 'price': 0.0, 'remaining_position': 100.0}, {'timestamp': 16, 'value': 1000.0, 'price': 0.0, 'remaining_position': 100.0}, {'timestamp': 17, 'value': 1000.0, 'price': 0.0, 'remaining_position': 100.0}, {'timestamp': 18, 'value': 1000.0, 'price': 0.0, 'remaining_position': 100.0}, {'timestamp': 19, 'value': 1000.0, 'price': 0.0, 'remaining_position': 100.0}, {'timestamp': 20, 'value': 1000.0, 'price': 0.0, 'remaining_position': 100.0}, {'timestamp': 21, 'value': 1000.0, 'price': 0.0, 'remaining_position': 100.0}, {'timestamp': 22, 'value': 1043.3, 'price': 0.0, 'remaining_position': 100.0}, {'timestamp': 23, 'value': 1043.3, 'price': 0.0, 'remaining_position': 100.0}, {'timestamp': 24, 'value': 1043.3, 'price': 0.0, 'remaining_position': 100.0}, {'timestamp': 25, 'value': 1043.3, 'price': 0.0, 'remaining_position': 100.0}, {'timestamp': 26, 'value': 1043.3, 'price': 0.0, 'remaining_position': 100.0}, {'timestamp': 27, 'value': 1043.29, 'price': 0.0, 'remaining_position': 100.0}, {'timestamp': 28, 'value': 1043.29, 'price': 0.0, 'remaining_position': 100.0}, {'timestamp': 29, 'value': 1043.29, 'price': 0.0, 'remaining_position': 100.0}, {'timestamp': 30, 'value': 1043.29, 'price': 0.0, 'remaining_position': 100.0}, {'timestamp': 31, 'value': 1043.29, 'price': 0.0, 'remaining_position': 100.0}, {'timestamp': 32, 'value': 1043.29, 'price': 0.0, 'remaining_position': 100.0}, {'timestamp': 33, 'value': 1043.29, 'price': 0.0, 'remaining_position': 100.0}, {'timestamp': 34, 'value': 1043.29, 'price': 0.0, 'remaining_position': 100.0}, {'timestamp': 35, 'value': 1043.29, 'price': 0.0, 'remaining_position': 100.0}, {'timestamp': 36, 'value': 1043.29, 'price': 0.0, 'remaining_position': 100.0}, {'timestamp': 37, 'value': 1043.29, 'price': 0.0, 'remaining_position': 100.0}, {'timestamp': 38, 'value': 1043.29, 'price': 0.0, 'remaining_position': 100.0}, {'timestamp': 39, 'value': 1043.29, 'price': 0.0, 'remaining_position': 100.0}, {'timestamp': 40, 'value': 1043.29, 'price': 0.0, 'remaining_position': 100.0}, {'timestamp': 41, 'value': 1043.29, 'price': 0.0, 'remaining_position': 100.0}, {'timestamp': 42, 'value': 1043.29, 'price': 0.0, 'remaining_position': 100.0}, {'timestamp': 43, 'value': 1043.29, 'price': 0.0, 'remaining_position': 100.0}, {'timestamp': 44, 'value': 1043.29, 'price': 0.0, 'remaining_position': 100.0}, {'timestamp': 45, 'value': 1043.29, 'price': 0.0, 'remaining_position': 100.0}, {'timestamp': 46, 'value': 1043.29, 'price': 0.0, 'remaining_position': 100.0}, {'timestamp': 47, 'value': 1043.29, 'price': 0.0, 'remaining_position': 100.0}, {'timestamp': 48, 'value': 1043.29, 'price': 0.0, 'remaining_position': 100.0}, {'timestamp': 49, 'value': 1043.29, 'price': 0.0, 'remaining_position': 100.0}, {'timestamp': 50, 'value': 1043.29, 'price': 0.0, 'remaining_position': 100.0}, {'timestamp': 51, 'value': 1043.29, 'price': 0.0, 'remaining_position': 100.0}, {'timestamp': 52, 'value': 1043.29, 'price': 0.0, 'remaining_position': 100.0}, {'timestamp': 53, 'value': 1043.29, 'price': 0.0, 'remaining_position': 100.0}, {'timestamp': 54, 'value': 1043.29, 'price': 0.0, 'remaining_position': 100.0}, {'timestamp': 55, 'value': 1043.29, 'price': 0.0, 'remaining_position': 100.0}, {'timestamp': 56, 'value': 1043.29, 'price': 0.0, 'remaining_position': 100.0}, {'timestamp': 57, 'value': 1043.29, 'price': 0.0, 'remaining_position': 100.0}, {'timestamp': 58, 'value': 1043.29, 'price': 0.0, 'remaining_position': 100.0}, {'timestamp': 59, 'value': 1043.29, 'price': 0.0, 'remaining_position': 100.0}, {'timestamp': 60, 'value': 1043.29, 'price': 0.0, 'remaining_position': 100.0}, {'timestamp': 61, 'value': 1043.29, 'price': 0.0, 'remaining_position': 100.0}, {'timestamp': 62, 'value': 1043.29, 'price': 0.0, 'remaining_position': 100.0}, {'timestamp': 63, 'value': 1043.29, 'price': 0.0, 'remaining_position': 100.0}, {'timestamp': 64, 'value': 1043.29, 'price': 0.0, 'remaining_position': 100.0}, {'timestamp': 65, 'value': 1043.29, 'price': 0.0, 'remaining_position': 100.0}, {'timestamp': 66, 'value': 1043.29, 'price': 0.0, 'remaining_position': 100.0}, {'timestamp': 67, 'value': 1043.29, 'price': 0.0, 'remaining_position': 100.0}, {'timestamp': 68, 'value': 1043.29, 'price': 0.0, 'remaining_position': 100.0}, {'timestamp': 69, 'value': 1043.29, 'price': 0.0, 'remaining_position': 100.0}, {'timestamp': 70, 'value': 1043.29, 'price': 0.0, 'remaining_position': 100.0}, {'timestamp': 71, 'value': 1043.29, 'price': 0.0, 'remaining_position': 100.0}, {'timestamp': 72, 'value': 1043.29, 'price': 0.0, 'remaining_position': 100.0}, {'timestamp': 73, 'value': 1043.29, 'price': 0.0, 'remaining_position': 100.0}, {'timestamp': 74, 'value': 1043.29, 'price': 0.0, 'remaining_position': 100.0}, {'timestamp': 75, 'value': 1043.29, 'price': 0.0, 'remaining_position': 100.0}, {'timestamp': 76, 'value': 1043.29, 'price': 0.0, 'remaining_position': 100.0}, {'timestamp': 77, 'value': 1043.29, 'price': 0.0, 'remaining_position': 100.0}, {'timestamp': 78, 'value': 1043.29, 'price': 0.0, 'remaining_position': 100.0}, {'timestamp': 79, 'value': 1043.29, 'price': 0.0, 'remaining_position': 100.0}, {'timestamp': 80, 'value': 1043.29, 'price': 0.0, 'remaining_position': 100.0}, {'timestamp': 81, 'value': 1043.29, 'price': 0.0, 'remaining_position': 100.0}, {'timestamp': 82, 'value': 1043.29, 'price': 0.0, 'remaining_position': 100.0}, {'timestamp': 83, 'value': 1043.29, 'price': 0.0, 'remaining_position': 100.0}, {'timestamp': 84, 'value': 1043.29, 'price': 0.0, 'remaining_position': 100.0}, {'timestamp': 85, 'value': 1043.29, 'price': 0.0, 'remaining_position': 100.0}, {'timestamp': 86, 'value': 1043.29, 'price': 0.0, 'remaining_position': 100.0}, {'timestamp': 87, 'value': 1043.29, 'price': 0.0, 'remaining_position': 100.0}, {'timestamp': 88, 'value': 1043.29, 'price': 0.0, 'remaining_position': 100.0}, {'timestamp': 89, 'value': 1043.29, 'price': 0.0, 'remaining_position': 100.0}, {'timestamp': 90, 'value': 1043.29, 'price': 0.0, 'remaining_position': 100.0}, {'timestamp': 91, 'value': 1043.29, 'price': 0.0, 'remaining_position': 100.0}, {'timestamp': 92, 'value': 1043.29, 'price': 0.0, 'remaining_position': 100.0}, {'timestamp': 93, 'value': 1043.29, 'price': 0.0, 'remaining_position': 100.0}, {'timestamp': 94, 'value': 1043.29, 'price': 0.0, 'remaining_position': 100.0}, {'timestamp': 95, 'value': 1043.29, 'price': 0.0, 'remaining_position': 100.0}, {'timestamp': 96, 'value': 1043.29, 'price': 0.0, 'remaining_position': 100.0}, {'timestamp': 97, 'value': 1043.29, 'price': 0.0, 'remaining_position': 100.0}, {'timestamp': 98, 'value': 1043.29, 'price': 0.0, 'remaining_position': 100.0}, {'timestamp': 99, 'value': 1043.29, 'price': 0.0, 'remaining_position': 100.0}, {'timestamp': 100, 'value': 1043.29, 'price': 0.0, 'remaining_position': 100.0}, {'timestamp': 101, 'value': 1043.29, 'price': 0.0, 'remaining_position': 100.0}, {'timestamp': 102, 'value': 1043.29, 'price': 0.0, 'remaining_position': 100.0}, {'timestamp': 103, 'value': 1043.29, 'price': 0.0, 'remaining_position': 100.0}, {'timestamp': 104, 'value': 1043.29, 'price': 0.0, 'remaining_position': 100.0}, {'timestamp': 105, 'value': 1043.29, 'price': 0.0, 'remaining_position': 100.0}, {'timestamp': 106, 'value': 1043.29, 'price': 0.0, 'remaining_position': 100.0}, {'timestamp': 107, 'value': 1043.29, 'price': 0.0, 'remaining_position': 100.0}, {'timestamp': 108, 'value': 1043.29, 'price': 0.0, 'remaining_position': 100.0}, {'timestamp': 109, 'value': 1043.29, 'price': 0.0, 'remaining_position': 100.0}, {'timestamp': 110, 'value': 1043.29, 'price': 0.0, 'remaining_position': 100.0}, {'timestamp': 111, 'value': 1043.29, 'price': 0.0, 'remaining_position': 100.0}, {'timestamp': 112, 'value': 1043.29, 'price': 0.0, 'remaining_position': 100.0}, {'timestamp': 113, 'value': 1043.29, 'price': 0.0, 'remaining_position': 100.0}, {'timestamp': 114, 'value': 1043.29, 'price': 0.0, 'remaining_position': 100.0}, {'timestamp': 115, 'value': 1043.29, 'price': 0.0, 'remaining_position': 100.0}, {'timestamp': 116, 'value': 1043.29, 'price': 0.0, 'remaining_position': 100.0}, {'timestamp': 117, 'value': 1043.29, 'price': 0.0, 'remaining_position': 100.0}, {'timestamp': 118, 'value': 1043.29, 'price': 0.0, 'remaining_position': 100.0}, {'timestamp': 119, 'value': 1043.29, 'price': 0.0, 'remaining_position': 100.0}, {'timestamp': 120, 'value': 1043.29, 'price': 0.0, 'remaining_position': 100.0}, {'timestamp': 121, 'value': 1043.29, 'price': 0.0, 'remaining_position': 100.0}, {'timestamp': 122, 'value': 1043.29, 'price': 0.0, 'remaining_position': 100.0}, {'timestamp': 123, 'value': 1043.29, 'price': 0.0, 'remaining_position': 100.0}, {'timestamp': 124, 'value': 1043.29, 'price': 0.0, 'remaining_position': 100.0}, {'timestamp': 125, 'value': 1043.29, 'price': 0.0, 'remaining_position': 100.0}, {'timestamp': 126, 'value': 1043.29, 'price': 0.0, 'remaining_position': 100.0}, {'timestamp': 127, 'value': 1043.29, 'price': 0.0, 'remaining_position': 100.0}, {'timestamp': 128, 'value': 1043.29, 'price': 0.0, 'remaining_position': 100.0}, {'timestamp': 129, 'value': 1043.29, 'price': 0.0, 'remaining_position': 100.0}, {'timestamp': 130, 'value': 1043.29, 'price': 0.0, 'remaining_position': 100.0}, {'timestamp': 131, 'value': 1043.29, 'price': 0.0, 'remaining_position': 100.0}, {'timestamp': 132, 'value': 1043.29, 'price': 0.0, 'remaining_position': 100.0}, {'timestamp': 133, 'value': 1043.29, 'price': 0.0, 'remaining_position': 100.0}, {'timestamp': 134, 'value': 1043.29, 'price': 0.0, 'remaining_position': 100.0}, {'timestamp': 135, 'value': 1043.29, 'price': 0.0, 'remaining_position': 100.0}, {'timestamp': 136, 'value': 1043.29, 'price': 0.0, 'remaining_position': 100.0}, {'timestamp': 137, 'value': 1043.29, 'price': 0.0, 'remaining_position': 100.0}, {'timestamp': 138, 'value': 1043.29, 'price': 0.0, 'remaining_position': 100.0}, {'timestamp': 139, 'value': 1043.29, 'price': 0.0, 'remaining_position': 100.0}, {'timestamp': 140, 'value': 1043.29, 'price': 0.0, 'remaining_position': 100.0}, {'timestamp': 141, 'value': 1043.29, 'price': 0.0, 'remaining_position': 100.0}, {'timestamp': 142, 'value': 1043.29, 'price': 0.0, 'remaining_position': 100.0}, {'timestamp': 143, 'value': 1043.29, 'price': 0.0, 'remaining_position': 100.0}, {'timestamp': 144, 'value': 1043.29, 'price': 0.0, 'remaining_position': 100.0}, {'timestamp': 145, 'value': 1043.29, 'price': 0.0, 'remaining_position': 100.0}, {'timestamp': 146, 'value': 1043.29, 'price': 0.0, 'remaining_position': 100.0}, {'timestamp': 147, 'value': 1043.29, 'price': 0.0, 'remaining_position': 100.0}, {'timestamp': 148, 'value': 1043.29, 'price': 0.0, 'remaining_position': 100.0}, {'timestamp': 149, 'value': 1043.29, 'price': 0.0, 'remaining_position': 100.0}, {'timestamp': 150, 'value': 1043.29, 'price': 0.0, 'remaining_position': 100.0}, {'timestamp': 151, 'value': 1043.29, 'price': 0.0, 'remaining_position': 100.0}, {'timestamp': 152, 'value': 1043.29, 'price': 0.0, 'remaining_position': 100.0}, {'timestamp': 153, 'value': 1043.29, 'price': 0.0, 'remaining_position': 100.0}, {'timestamp': 154, 'value': 1043.29, 'price': 0.0, 'remaining_position': 100.0}, {'timestamp': 155, 'value': 1043.29, 'price': 0.0, 'remaining_position': 100.0}, {'timestamp': 156, 'value': 1043.29, 'price': 0.0, 'remaining_position': 100.0}, {'timestamp': 157, 'value': 1043.29, 'price': 0.0, 'remaining_position': 100.0}, {'timestamp': 158, 'value': 1043.29, 'price': 0.0, 'remaining_position': 100.0}, {'timestamp': 159, 'value': 1043.29, 'price': 0.0, 'remaining_position': 100.0}, {'timestamp': 160, 'value': 1043.29, 'price': 0.0, 'remaining_position': 100.0}, {'timestamp': 161, 'value': 1043.29, 'price': 0.0, 'remaining_position': 100.0}, {'timestamp': 162, 'value': 1043.29, 'price': 0.0, 'remaining_position': 100.0}, {'timestamp': 163, 'value': 1043.29, 'price': 0.0, 'remaining_position': 100.0}, {'timestamp': 164, 'value': 1043.29, 'price': 0.0, 'remaining_position': 100.0}, {'timestamp': 165, 'value': 1043.29, 'price': 0.0, 'remaining_position': 100.0}, {'timestamp': 166, 'value': 1043.29, 'price': 0.0, 'remaining_position': 100.0}, {'timestamp': 167, 'value': 1043.29, 'price': 0.0, 'remaining_position': 100.0}, {'timestamp': 168, 'value': 1043.29, 'price': 0.0, 'remaining_position': 100.0}, {'timestamp': 169, 'value': 1043.29, 'price': 0.0, 'remaining_position': 100.0}, {'timestamp': 170, 'value': 1043.29, 'price': 0.0, 'remaining_position': 100.0}, {'timestamp': 171, 'value': 1043.29, 'price': 0.0, 'remaining_position': 100.0}, {'timestamp': 172, 'value': 1043.29, 'price': 0.0, 'remaining_position': 100.0}, {'timestamp': 173, 'value': 1043.29, 'price': 0.0, 'remaining_position': 100.0}, {'timestamp': 174, 'value': 1043.29, 'price': 0.0, 'remaining_position': 100.0}, {'timestamp': 175, 'value': 1043.29, 'price': 0.0, 'remaining_position': 100.0}, {'timestamp': 176, 'value': 1043.29, 'price': 0.0, 'remaining_position': 100.0}, {'timestamp': 177, 'value': 1043.29, 'price': 0.0, 'remaining_position': 100.0}, {'timestamp': 178, 'value': 1043.29, 'price': 0.0, 'remaining_position': 100.0}, {'timestamp': 179, 'value': 1043.29, 'price': 0.0, 'remaining_position': 100.0}, {'timestamp': 180, 'value': 1043.29, 'price': 0.0, 'remaining_position': 100.0}, {'timestamp': 181, 'value': 1043.29, 'price': 0.0, 'remaining_position': 100.0}, {'timestamp': 182, 'value': 1043.29, 'price': 0.0, 'remaining_position': 100.0}, {'timestamp': 183, 'value': 1043.29, 'price': 0.0, 'remaining_position': 100.0}, {'timestamp': 184, 'value': 1043.29, 'price': 0.0, 'remaining_position': 100.0}, {'timestamp': 185, 'value': 1043.29, 'price': 0.0, 'remaining_position': 100.0}, {'timestamp': 186, 'value': 1043.29, 'price': 0.0, 'remaining_position': 100.0}, {'timestamp': 187, 'value': 1043.29, 'price': 0.0, 'remaining_position': 100.0}, {'timestamp': 188, 'value': 1043.29, 'price': 0.0, 'remaining_position': 100.0}, {'timestamp': 189, 'value': 1043.29, 'price': 0.0, 'remaining_position': 100.0}, {'timestamp': 190, 'value': 1043.29, 'price': 0.0, 'remaining_position': 100.0}, {'timestamp': 191, 'value': 1043.29, 'price': 0.0, 'remaining_position': 100.0}, {'timestamp': 192, 'value': 1043.29, 'price': 0.0, 'remaining_position': 100.0}, {'timestamp': 193, 'value': 1043.29, 'price': 0.0, 'remaining_position': 100.0}, {'timestamp': 194, 'value': 1043.29, 'price': 0.0, 'remaining_position': 100.0}, {'timestamp': 195, 'value': 1043.29, 'price': 0.0, 'remaining_position': 100.0}, {'timestamp': 196, 'value': 1043.29, 'price': 0.0, 'remaining_position': 100.0}, {'timestamp': 197, 'value': 1043.29, 'price': 0.0, 'remaining_position': 100.0}, {'timestamp': 198, 'value': 1043.29, 'price': 0.0, 'remaining_position': 100.0}, {'timestamp': 199, 'value': 1043.29, 'price': 0.0, 'remaining_position': 100.0}, {'timestamp': 200, 'value': 1036.74, 'price': 0.0, 'remaining_position': 100.0}, {'timestamp': 1749547428, 'value': 1073.94, 'price': 0.0, 'remaining_position': 100.0}]}
2025-06-10 03:23:49,267 - INFO - Birdeye API response for GtvNHBp3RJZaQbLvrZmRszDSowR119u6qnJVvn7ypump: Status=429, Response={"success":false,"message":"Too many requests"}
2025-06-10 03:23:49,268 - WARNING - Rate limit hit for GtvNHBp3RJZaQbLvrZmRszDSowR119u6qnJVvn7ypump, waiting 2s before retry
2025-06-10 03:23:51,620 - INFO - Birdeye API response for GtvNHBp3RJZaQbLvrZmRszDSowR119u6qnJVvn7ypump: Status=200, Response={"data":{"items":[{"address":"GtvNHBp3RJZaQbLvrZmRszDSowR119u6qnJVvn7ypump","unixTime":1749547320,"value":0.000007190119652371102},{"address":"GtvNHBp3RJZaQbLvrZmRszDSowR119u6qnJVvn7ypump","unixTime":1749547380,"value":0.000007190119652371102}]},"success":true}
2025-06-10 03:23:51,621 - INFO - Current price for GtvNHBp3RJZaQbLvrZmRszDSowR119u6qnJVvn7ypump: 7.190119652371102e-06
2025-06-10 03:23:51,621 - INFO - Fetching price history for GtvNHBp3RJZaQbLvrZmRszDSowR119u6qnJVvn7ypump
2025-06-10 03:23:51,622 - INFO - Fetching price history for GtvNHBp3RJZaQbLvrZmRszDSowR119u6qnJVvn7ypump from 1749288180 to 1749547380
2025-06-10 03:23:51,920 - ERROR - Failed to fetch price history for GtvNHBp3RJZaQbLvrZmRszDSowR119u6qnJVvn7ypump. Status: 429, Response: {"success":false,"message":"Too many requests"}
2025-06-10 03:23:51,921 - ERROR - Error fetching price history for GtvNHBp3RJZaQbLvrZmRszDSowR119u6qnJVvn7ypump: 429, message='{"success":false,"message":"Too many requests"}', url='https://public-api.birdeye.so/defi/history_price?address=GtvNHBp3RJZaQbLvrZmRszDSowR119u6qnJVvn7ypump&address_type=token&type=1m&time_from=1749288180&time_to=1749547380'
Traceback (most recent call last):
  File "C:\Users\alexj\OneDrive\Desktop\traderRanker\main.py", line 148, in fetch_history_price
    raise aiohttp.ClientResponseError(
aiohttp.client_exceptions.ClientResponseError: 429, message='{"success":false,"message":"Too many requests"}', url='https://public-api.birdeye.so/defi/history_price?address=GtvNHBp3RJZaQbLvrZmRszDSowR119u6qnJVvn7ypump&address_type=token&type=1m&time_from=1749288180&time_to=1749547380'
2025-06-10 03:23:54,761 - INFO - Successfully retrieved 1000 valid price points for GtvNHBp3RJZaQbLvrZmRszDSowR119u6qnJVvn7ypump
2025-06-10 03:23:54,762 - INFO - Processing 1000 data points for GtvNHBp3RJZaQbLvrZmRszDSowR119u6qnJVvn7ypump
2025-06-10 03:23:54,765 - INFO - Built OHLC data with shape: (201, 6)
2025-06-10 03:23:54,766 - INFO - Built OHLC data for GtvNHBp3RJZaQbLvrZmRszDSowR119u6qnJVvn7ypump with shape: (201, 6)
2025-06-10 03:23:54,772 - INFO - Simulation results for GtvNHBp3RJZaQbLvrZmRszDSowR119u6qnJVvn7ypump: {'entry_price': 0.0, 'current_price': 0.0, 'amount_usd': 1000.0, 'final_usd': 1031.88, 'roi_percent': 3.19, 'tps_hit': [False, False], 'sls_hit': [False, False], 'position_values': [{'timestamp': 0, 'value': 1000.0, 'price': 0.0, 'remaining_position': 100.0}, {'timestamp': 1, 'value': 1000.0, 'price': 0.0, 'remaining_position': 100.0}, {'timestamp': 2, 'value': 1000.0, 'price': 0.0, 'remaining_position': 100.0}, {'timestamp': 3, 'value': 1000.0, 'price': 0.0, 'remaining_position': 100.0}, {'timestamp': 4, 'value': 1000.0, 'price': 0.0, 'remaining_position': 100.0}, {'timestamp': 5, 'value': 1000.0, 'price': 0.0, 'remaining_position': 100.0}, {'timestamp': 6, 'value': 1000.0, 'price': 0.0, 'remaining_position': 100.0}, {'timestamp': 7, 'value': 1000.0, 'price': 0.0, 'remaining_position': 100.0}, {'timestamp': 8, 'value': 1000.0, 'price': 0.0, 'remaining_position': 100.0}, {'timestamp': 9, 'value': 1000.0, 'price': 0.0, 'remaining_position': 100.0}, {'timestamp': 10, 'value': 1000.0, 'price': 0.0, 'remaining_position': 100.0}, {'timestamp': 11, 'value': 1000.0, 'price': 0.0, 'remaining_position': 100.0}, {'timestamp': 12, 'value': 1000.0, 'price': 0.0, 'remaining_position': 100.0}, {'timestamp': 13, 'value': 1000.0, 'price': 0.0, 'remaining_position': 100.0}, {'timestamp': 14, 'value': 1000.0, 'price': 0.0, 'remaining_position': 100.0}, {'timestamp': 15, 'value': 1000.0, 'price': 0.0, 'remaining_position': 100.0}, {'timestamp': 16, 'value': 1000.0, 'price': 0.0, 'remaining_position': 100.0}, {'timestamp': 17, 'value': 1000.0, 'price': 0.0, 'remaining_position': 100.0}, {'timestamp': 18, 'value': 1000.0, 'price': 0.0, 'remaining_position': 100.0}, {'timestamp': 19, 'value': 1000.0, 'price': 0.0, 'remaining_position': 100.0}, {'timestamp': 20, 'value': 1000.0, 'price': 0.0, 'remaining_position': 100.0}, {'timestamp': 21, 'value': 1000.0, 'price': 0.0, 'remaining_position': 100.0}, {'timestamp': 22, 'value': 1000.0, 'price': 0.0, 'remaining_position': 100.0}, {'timestamp': 23, 'value': 1000.0, 'price': 0.0, 'remaining_position': 100.0}, {'timestamp': 24, 'value': 1000.0, 'price': 0.0, 'remaining_position': 100.0}, {'timestamp': 25, 'value': 1000.0, 'price': 0.0, 'remaining_position': 100.0}, {'timestamp': 26, 'value': 1000.0, 'price': 0.0, 'remaining_position': 100.0}, {'timestamp': 27, 'value': 1000.0, 'price': 0.0, 'remaining_position': 100.0}, {'timestamp': 28, 'value': 1000.0, 'price': 0.0, 'remaining_position': 100.0}, {'timestamp': 29, 'value': 1000.0, 'price': 0.0, 'remaining_position': 100.0}, {'timestamp': 30, 'value': 1000.0, 'price': 0.0, 'remaining_position': 100.0}, {'timestamp': 31, 'value': 1000.0, 'price': 0.0, 'remaining_position': 100.0}, {'timestamp': 32, 'value': 1000.0, 'price': 0.0, 'remaining_position': 100.0}, {'timestamp': 33, 'value': 1000.0, 'price': 0.0, 'remaining_position': 100.0}, {'timestamp': 34, 'value': 1000.0, 'price': 0.0, 'remaining_position': 100.0}, {'timestamp': 35, 'value': 1000.0, 'price': 0.0, 'remaining_position': 100.0}, {'timestamp': 36, 'value': 1000.0, 'price': 0.0, 'remaining_position': 100.0}, {'timestamp': 37, 'value': 1000.0, 'price': 0.0, 'remaining_position': 100.0}, {'timestamp': 38, 'value': 1000.0, 'price': 0.0, 'remaining_position': 100.0}, {'timestamp': 39, 'value': 1000.0, 'price': 0.0, 'remaining_position': 100.0}, {'timestamp': 40, 'value': 1000.0, 'price': 0.0, 'remaining_position': 100.0}, {'timestamp': 41, 'value': 1000.0, 'price': 0.0, 'remaining_position': 100.0}, {'timestamp': 42, 'value': 1000.0, 'price': 0.0, 'remaining_position': 100.0}, {'timestamp': 43, 'value': 1000.0, 'price': 0.0, 'remaining_position': 100.0}, {'timestamp': 44, 'value': 1000.0, 'price': 0.0, 'remaining_position': 100.0}, {'timestamp': 45, 'value': 1000.0, 'price': 0.0, 'remaining_position': 100.0}, {'timestamp': 46, 'value': 1000.0, 'price': 0.0, 'remaining_position': 100.0}, {'timestamp': 47, 'value': 1000.0, 'price': 0.0, 'remaining_position': 100.0}, {'timestamp': 48, 'value': 1000.0, 'price': 0.0, 'remaining_position': 100.0}, {'timestamp': 49, 'value': 1000.0, 'price': 0.0, 'remaining_position': 100.0}, {'timestamp': 50, 'value': 1000.0, 'price': 0.0, 'remaining_position': 100.0}, {'timestamp': 51, 'value': 1000.0, 'price': 0.0, 'remaining_position': 100.0}, {'timestamp': 52, 'value': 1000.0, 'price': 0.0, 'remaining_position': 100.0}, {'timestamp': 53, 'value': 1000.0, 'price': 0.0, 'remaining_position': 100.0}, {'timestamp': 54, 'value': 1000.0, 'price': 0.0, 'remaining_position': 100.0}, {'timestamp': 55, 'value': 1000.0, 'price': 0.0, 'remaining_position': 100.0}, {'timestamp': 56, 'value': 1000.0, 'price': 0.0, 'remaining_position': 100.0}, {'timestamp': 57, 'value': 1000.0, 'price': 0.0, 'remaining_position': 100.0}, {'timestamp': 58, 'value': 1000.0, 'price': 0.0, 'remaining_position': 100.0}, {'timestamp': 59, 'value': 1000.0, 'price': 0.0, 'remaining_position': 100.0}, {'timestamp': 60, 'value': 1000.0, 'price': 0.0, 'remaining_position': 100.0}, {'timestamp': 61, 'value': 1000.0, 'price': 0.0, 'remaining_position': 100.0}, {'timestamp': 62, 'value': 1000.0, 'price': 0.0, 'remaining_position': 100.0}, {'timestamp': 63, 'value': 1000.0, 'price': 0.0, 'remaining_position': 100.0}, {'timestamp': 64, 'value': 1000.0, 'price': 0.0, 'remaining_position': 100.0}, {'timestamp': 65, 'value': 1000.0, 'price': 0.0, 'remaining_position': 100.0}, {'timestamp': 66, 'value': 1000.0, 'price': 0.0, 'remaining_position': 100.0}, {'timestamp': 67, 'value': 1000.0, 'price': 0.0, 'remaining_position': 100.0}, {'timestamp': 68, 'value': 1000.0, 'price': 0.0, 'remaining_position': 100.0}, {'timestamp': 69, 'value': 1000.0, 'price': 0.0, 'remaining_position': 100.0}, {'timestamp': 70, 'value': 1000.0, 'price': 0.0, 'remaining_position': 100.0}, {'timestamp': 71, 'value': 1000.0, 'price': 0.0, 'remaining_position': 100.0}, {'timestamp': 72, 'value': 1000.0, 'price': 0.0, 'remaining_position': 100.0}, {'timestamp': 73, 'value': 1000.0, 'price': 0.0, 'remaining_position': 100.0}, {'timestamp': 74, 'value': 1000.0, 'price': 0.0, 'remaining_position': 100.0}, {'timestamp': 75, 'value': 1000.0, 'price': 0.0, 'remaining_position': 100.0}, {'timestamp': 76, 'value': 1000.0, 'price': 0.0, 'remaining_position': 100.0}, {'timestamp': 77, 'value': 1000.0, 'price': 0.0, 'remaining_position': 100.0}, {'timestamp': 78, 'value': 1000.0, 'price': 0.0, 'remaining_position': 100.0}, {'timestamp': 79, 'value': 1000.0, 'price': 0.0, 'remaining_position': 100.0}, {'timestamp': 80, 'value': 1000.0, 'price': 0.0, 'remaining_position': 100.0}, {'timestamp': 81, 'value': 1000.0, 'price': 0.0, 'remaining_position': 100.0}, {'timestamp': 82, 'value': 1000.0, 'price': 0.0, 'remaining_position': 100.0}, {'timestamp': 83, 'value': 1000.0, 'price': 0.0, 'remaining_position': 100.0}, {'timestamp': 84, 'value': 1000.0, 'price': 0.0, 'remaining_position': 100.0}, {'timestamp': 85, 'value': 1000.0, 'price': 0.0, 'remaining_position': 100.0}, {'timestamp': 86, 'value': 1000.0, 'price': 0.0, 'remaining_position': 100.0}, {'timestamp': 87, 'value': 1000.0, 'price': 0.0, 'remaining_position': 100.0}, {'timestamp': 88, 'value': 1000.0, 'price': 0.0, 'remaining_position': 100.0}, {'timestamp': 89, 'value': 1000.0, 'price': 0.0, 'remaining_position': 100.0}, {'timestamp': 90, 'value': 1000.0, 'price': 0.0, 'remaining_position': 100.0}, {'timestamp': 91, 'value': 1000.0, 'price': 0.0, 'remaining_position': 100.0}, {'timestamp': 92, 'value': 1000.0, 'price': 0.0, 'remaining_position': 100.0}, {'timestamp': 93, 'value': 1000.0, 'price': 0.0, 'remaining_position': 100.0}, {'timestamp': 94, 'value': 1000.0, 'price': 0.0, 'remaining_position': 100.0}, {'timestamp': 95, 'value': 1000.0, 'price': 0.0, 'remaining_position': 100.0}, {'timestamp': 96, 'value': 1000.0, 'price': 0.0, 'remaining_position': 100.0}, {'timestamp': 97, 'value': 1000.0, 'price': 0.0, 'remaining_position': 100.0}, {'timestamp': 98, 'value': 1000.0, 'price': 0.0, 'remaining_position': 100.0}, {'timestamp': 99, 'value': 1000.0, 'price': 0.0, 'remaining_position': 100.0}, {'timestamp': 100, 'value': 1000.0, 'price': 0.0, 'remaining_position': 100.0}, {'timestamp': 101, 'value': 1000.0, 'price': 0.0, 'remaining_position': 100.0}, {'timestamp': 102, 'value': 1000.0, 'price': 0.0, 'remaining_position': 100.0}, {'timestamp': 103, 'value': 1000.0, 'price': 0.0, 'remaining_position': 100.0}, {'timestamp': 104, 'value': 1000.0, 'price': 0.0, 'remaining_position': 100.0}, {'timestamp': 105, 'value': 1000.0, 'price': 0.0, 'remaining_position': 100.0}, {'timestamp': 106, 'value': 1000.0, 'price': 0.0, 'remaining_position': 100.0}, {'timestamp': 107, 'value': 1000.0, 'price': 0.0, 'remaining_position': 100.0}, {'timestamp': 108, 'value': 1000.0, 'price': 0.0, 'remaining_position': 100.0}, {'timestamp': 109, 'value': 1000.0, 'price': 0.0, 'remaining_position': 100.0}, {'timestamp': 110, 'value': 1000.0, 'price': 0.0, 'remaining_position': 100.0}, {'timestamp': 111, 'value': 1000.0, 'price': 0.0, 'remaining_position': 100.0}, {'timestamp': 112, 'value': 1000.0, 'price': 0.0, 'remaining_position': 100.0}, {'timestamp': 113, 'value': 1000.0, 'price': 0.0, 'remaining_position': 100.0}, {'timestamp': 114, 'value': 1000.0, 'price': 0.0, 'remaining_position': 100.0}, {'timestamp': 115, 'value': 1000.0, 'price': 0.0, 'remaining_position': 100.0}, {'timestamp': 116, 'value': 1000.0, 'price': 0.0, 'remaining_position': 100.0}, {'timestamp': 117, 'value': 1000.0, 'price': 0.0, 'remaining_position': 100.0}, {'timestamp': 118, 'value': 1000.0, 'price': 0.0, 'remaining_position': 100.0}, {'timestamp': 119, 'value': 1000.0, 'price': 0.0, 'remaining_position': 100.0}, {'timestamp': 120, 'value': 1000.0, 'price': 0.0, 'remaining_position': 100.0}, {'timestamp': 121, 'value': 1000.0, 'price': 0.0, 'remaining_position': 100.0}, {'timestamp': 122, 'value': 1000.0, 'price': 0.0, 'remaining_position': 100.0}, {'timestamp': 123, 'value': 1000.0, 'price': 0.0, 'remaining_position': 100.0}, {'timestamp': 124, 'value': 1000.0, 'price': 0.0, 'remaining_position': 100.0}, {'timestamp': 125, 'value': 1000.0, 'price': 0.0, 'remaining_position': 100.0}, {'timestamp': 126, 'value': 1000.0, 'price': 0.0, 'remaining_position': 100.0}, {'timestamp': 127, 'value': 1000.0, 'price': 0.0, 'remaining_position': 100.0}, {'timestamp': 128, 'value': 1000.0, 'price': 0.0, 'remaining_position': 100.0}, {'timestamp': 129, 'value': 1000.0, 'price': 0.0, 'remaining_position': 100.0}, {'timestamp': 130, 'value': 1000.0, 'price': 0.0, 'remaining_position': 100.0}, {'timestamp': 131, 'value': 1000.0, 'price': 0.0, 'remaining_position': 100.0}, {'timestamp': 132, 'value': 1000.0, 'price': 0.0, 'remaining_position': 100.0}, {'timestamp': 133, 'value': 1000.0, 'price': 0.0, 'remaining_position': 100.0}, {'timestamp': 134, 'value': 1000.0, 'price': 0.0, 'remaining_position': 100.0}, {'timestamp': 135, 'value': 1000.0, 'price': 0.0, 'remaining_position': 100.0}, {'timestamp': 136, 'value': 1000.0, 'price': 0.0, 'remaining_position': 100.0}, {'timestamp': 137, 'value': 1000.0, 'price': 0.0, 'remaining_position': 100.0}, {'timestamp': 138, 'value': 1000.0, 'price': 0.0, 'remaining_position': 100.0}, {'timestamp': 139, 'value': 1000.0, 'price': 0.0, 'remaining_position': 100.0}, {'timestamp': 140, 'value': 1000.0, 'price': 0.0, 'remaining_position': 100.0}, {'timestamp': 141, 'value': 1000.0, 'price': 0.0, 'remaining_position': 100.0}, {'timestamp': 142, 'value': 1000.0, 'price': 0.0, 'remaining_position': 100.0}, {'timestamp': 143, 'value': 1000.0, 'price': 0.0, 'remaining_position': 100.0}, {'timestamp': 144, 'value': 1000.0, 'price': 0.0, 'remaining_position': 100.0}, {'timestamp': 145, 'value': 1000.0, 'price': 0.0, 'remaining_position': 100.0}, {'timestamp': 146, 'value': 1000.0, 'price': 0.0, 'remaining_position': 100.0}, {'timestamp': 147, 'value': 1000.0, 'price': 0.0, 'remaining_position': 100.0}, {'timestamp': 148, 'value': 1000.0, 'price': 0.0, 'remaining_position': 100.0}, {'timestamp': 149, 'value': 1000.0, 'price': 0.0, 'remaining_position': 100.0}, {'timestamp': 150, 'value': 1000.0, 'price': 0.0, 'remaining_position': 100.0}, {'timestamp': 151, 'value': 1000.0, 'price': 0.0, 'remaining_position': 100.0}, {'timestamp': 152, 'value': 1000.0, 'price': 0.0, 'remaining_position': 100.0}, {'timestamp': 153, 'value': 1000.0, 'price': 0.0, 'remaining_position': 100.0}, {'timestamp': 154, 'value': 1000.0, 'price': 0.0, 'remaining_position': 100.0}, {'timestamp': 155, 'value': 1000.0, 'price': 0.0, 'remaining_position': 100.0}, {'timestamp': 156, 'value': 1000.0, 'price': 0.0, 'remaining_position': 100.0}, {'timestamp': 157, 'value': 1000.0, 'price': 0.0, 'remaining_position': 100.0}, {'timestamp': 158, 'value': 1000.0, 'price': 0.0, 'remaining_position': 100.0}, {'timestamp': 159, 'value': 1000.0, 'price': 0.0, 'remaining_position': 100.0}, {'timestamp': 160, 'value': 1000.0, 'price': 0.0, 'remaining_position': 100.0}, {'timestamp': 161, 'value': 1000.0, 'price': 0.0, 'remaining_position': 100.0}, {'timestamp': 162, 'value': 1000.0, 'price': 0.0, 'remaining_position': 100.0}, {'timestamp': 163, 'value': 1000.0, 'price': 0.0, 'remaining_position': 100.0}, {'timestamp': 164, 'value': 1000.0, 'price': 0.0, 'remaining_position': 100.0}, {'timestamp': 165, 'value': 1000.0, 'price': 0.0, 'remaining_position': 100.0}, {'timestamp': 166, 'value': 1000.0, 'price': 0.0, 'remaining_position': 100.0}, {'timestamp': 167, 'value': 1000.0, 'price': 0.0, 'remaining_position': 100.0}, {'timestamp': 168, 'value': 1000.0, 'price': 0.0, 'remaining_position': 100.0}, {'timestamp': 169, 'value': 1000.0, 'price': 0.0, 'remaining_position': 100.0}, {'timestamp': 170, 'value': 1000.0, 'price': 0.0, 'remaining_position': 100.0}, {'timestamp': 171, 'value': 1000.0, 'price': 0.0, 'remaining_position': 100.0}, {'timestamp': 172, 'value': 1000.0, 'price': 0.0, 'remaining_position': 100.0}, {'timestamp': 173, 'value': 1000.0, 'price': 0.0, 'remaining_position': 100.0}, {'timestamp': 174, 'value': 1000.0, 'price': 0.0, 'remaining_position': 100.0}, {'timestamp': 175, 'value': 1000.0, 'price': 0.0, 'remaining_position': 100.0}, {'timestamp': 176, 'value': 1000.0, 'price': 0.0, 'remaining_position': 100.0}, {'timestamp': 177, 'value': 1000.0, 'price': 0.0, 'remaining_position': 100.0}, {'timestamp': 178, 'value': 1000.0, 'price': 0.0, 'remaining_position': 100.0}, {'timestamp': 179, 'value': 1000.0, 'price': 0.0, 'remaining_position': 100.0}, {'timestamp': 180, 'value': 1000.0, 'price': 0.0, 'remaining_position': 100.0}, {'timestamp': 181, 'value': 1000.0, 'price': 0.0, 'remaining_position': 100.0}, {'timestamp': 182, 'value': 1000.0, 'price': 0.0, 'remaining_position': 100.0}, {'timestamp': 183, 'value': 1000.0, 'price': 0.0, 'remaining_position': 100.0}, {'timestamp': 184, 'value': 1000.0, 'price': 0.0, 'remaining_position': 100.0}, {'timestamp': 185, 'value': 1000.0, 'price': 0.0, 'remaining_position': 100.0}, {'timestamp': 186, 'value': 1000.0, 'price': 0.0, 'remaining_position': 100.0}, {'timestamp': 187, 'value': 1000.0, 'price': 0.0, 'remaining_position': 100.0}, {'timestamp': 188, 'value': 1000.0, 'price': 0.0, 'remaining_position': 100.0}, {'timestamp': 189, 'value': 1000.0, 'price': 0.0, 'remaining_position': 100.0}, {'timestamp': 190, 'value': 1000.0, 'price': 0.0, 'remaining_position': 100.0}, {'timestamp': 191, 'value': 1000.0, 'price': 0.0, 'remaining_position': 100.0}, {'timestamp': 192, 'value': 1000.0, 'price': 0.0, 'remaining_position': 100.0}, {'timestamp': 193, 'value': 1000.0, 'price': 0.0, 'remaining_position': 100.0}, {'timestamp': 194, 'value': 1000.0, 'price': 0.0, 'remaining_position': 100.0}, {'timestamp': 195, 'value': 1000.0, 'price': 0.0, 'remaining_position': 100.0}, {'timestamp': 196, 'value': 1000.0, 'price': 0.0, 'remaining_position': 100.0}, {'timestamp': 197, 'value': 1000.0, 'price': 0.0, 'remaining_position': 100.0}, {'timestamp': 198, 'value': 1000.0, 'price': 0.0, 'remaining_position': 100.0}, {'timestamp': 199, 'value': 1000.0, 'price': 0.0, 'remaining_position': 100.0}, {'timestamp': 200, 'value': 1000.0, 'price': 0.0, 'remaining_position': 100.0}, {'timestamp': 1749547434, 'value': 1031.88, 'price': 0.0, 'remaining_position': 100.0}]}
2025-06-10 03:23:54,991 - INFO - Completed simulation for 2 tokens
2025-06-10 03:24:12,575 - INFO - Health check endpoint called
2025-06-10 03:24:42,577 - INFO - Health check endpoint called
2025-06-10 03:25:13,571 - INFO - Health check endpoint called
2025-06-10 03:25:31,103 - INFO - ==================================================
2025-06-10 03:25:31,104 - INFO - Starting FastAPI server
2025-06-10 03:25:31,104 - INFO - ==================================================
2025-06-10 03:25:43,899 - INFO - Health check endpoint called
2025-06-10 03:26:13,579 - INFO - Health check endpoint called
2025-06-10 03:26:43,901 - INFO - Health check endpoint called
2025-06-10 03:27:21,091 - INFO - ==================================================
2025-06-10 03:27:21,091 - INFO - Starting FastAPI server
2025-06-10 03:27:21,091 - INFO - ==================================================
2025-06-10 03:27:22,029 - INFO - Health check endpoint called
2025-06-10 03:27:26,513 - INFO - Health check endpoint called
2025-06-10 03:27:33,713 - INFO - Simulation request received for 2 tokens
2025-06-10 03:27:33,714 - INFO - Request parameters: amount_usd=1000.0, timeframe_minutes=5
2025-06-10 03:27:33,716 - INFO - Using start timestamp: 1749288420
2025-06-10 03:27:34,478 - INFO - Birdeye API response for 2VqtrBXmgkNa3oeJwgnBUdNL5yJhq8kddqYtPVGKbonk: Status=200, Response={"data":{"items":[{"address":"2VqtrBXmgkNa3oeJwgnBUdNL5yJhq8kddqYtPVGKbonk","unixTime":1749547560,"value":0.000011244992593856766},{"address":"2VqtrBXmgkNa3oeJwgnBUdNL5yJhq8kddqYtPVGKbonk","unixTime":1749547620,"value":0.000011244992593856766}]},"success":true}
2025-06-10 03:27:34,479 - INFO - Current price for 2VqtrBXmgkNa3oeJwgnBUdNL5yJhq8kddqYtPVGKbonk: 1.1244992593856766e-05
2025-06-10 03:27:34,480 - INFO - Fetching price history for 2VqtrBXmgkNa3oeJwgnBUdNL5yJhq8kddqYtPVGKbonk
2025-06-10 03:27:34,481 - INFO - Fetching price history for 2VqtrBXmgkNa3oeJwgnBUdNL5yJhq8kddqYtPVGKbonk from 1749288420 to 1749547620
2025-06-10 03:27:34,749 - ERROR - Failed to fetch price history for 2VqtrBXmgkNa3oeJwgnBUdNL5yJhq8kddqYtPVGKbonk. Status: 429, Response: {"success":false,"message":"Too many requests"}
2025-06-10 03:27:34,750 - ERROR - Error fetching price history for 2VqtrBXmgkNa3oeJwgnBUdNL5yJhq8kddqYtPVGKbonk: 429, message='{"success":false,"message":"Too many requests"}', url='https://public-api.birdeye.so/defi/history_price?address=2VqtrBXmgkNa3oeJwgnBUdNL5yJhq8kddqYtPVGKbonk&address_type=token&type=1m&time_from=1749288420&time_to=1749547620'
Traceback (most recent call last):
  File "C:\Users\alexj\OneDrive\Desktop\traderRanker\main.py", line 148, in fetch_history_price
    raise aiohttp.ClientResponseError(
aiohttp.client_exceptions.ClientResponseError: 429, message='{"success":false,"message":"Too many requests"}', url='https://public-api.birdeye.so/defi/history_price?address=2VqtrBXmgkNa3oeJwgnBUdNL5yJhq8kddqYtPVGKbonk&address_type=token&type=1m&time_from=1749288420&time_to=1749547620'
2025-06-10 03:27:37,502 - INFO - Successfully retrieved 1000 valid price points for 2VqtrBXmgkNa3oeJwgnBUdNL5yJhq8kddqYtPVGKbonk
2025-06-10 03:27:37,503 - INFO - Processing 1000 data points for 2VqtrBXmgkNa3oeJwgnBUdNL5yJhq8kddqYtPVGKbonk
2025-06-10 03:27:37,514 - INFO - Built OHLC data with shape: (201, 6)
2025-06-10 03:27:37,514 - INFO - Built OHLC data for 2VqtrBXmgkNa3oeJwgnBUdNL5yJhq8kddqYtPVGKbonk with shape: (201, 6)
2025-06-10 03:27:37,528 - INFO - Simulation results for 2VqtrBXmgkNa3oeJwgnBUdNL5yJhq8kddqYtPVGKbonk: {'entry_price': 0.0, 'current_price': 0.0, 'amount_usd': 1000.0, 'final_usd': 1073.94, 'roi_percent': 7.39, 'tps_hit': [False, False], 'sls_hit': [False, False], 'position_values': [{'timestamp': 0, 'value': 1000.0, 'price': 0.0, 'remaining_position': 100.0}, {'timestamp': 1, 'value': 1000.0, 'price': 0.0, 'remaining_position': 100.0}, {'timestamp': 2, 'value': 1000.0, 'price': 0.0, 'remaining_position': 100.0}, {'timestamp': 3, 'value': 1000.0, 'price': 0.0, 'remaining_position': 100.0}, {'timestamp': 4, 'value': 1000.0, 'price': 0.0, 'remaining_position': 100.0}, {'timestamp': 5, 'value': 1000.0, 'price': 0.0, 'remaining_position': 100.0}, {'timestamp': 6, 'value': 1000.0, 'price': 0.0, 'remaining_position': 100.0}, {'timestamp': 7, 'value': 1000.0, 'price': 0.0, 'remaining_position': 100.0}, {'timestamp': 8, 'value': 1000.0, 'price': 0.0, 'remaining_position': 100.0}, {'timestamp': 9, 'value': 1000.0, 'price': 0.0, 'remaining_position': 100.0}, {'timestamp': 10, 'value': 1000.0, 'price': 0.0, 'remaining_position': 100.0}, {'timestamp': 11, 'value': 1000.0, 'price': 0.0, 'remaining_position': 100.0}, {'timestamp': 12, 'value': 1000.0, 'price': 0.0, 'remaining_position': 100.0}, {'timestamp': 13, 'value': 1000.0, 'price': 0.0, 'remaining_position': 100.0}, {'timestamp': 14, 'value': 1000.0, 'price': 0.0, 'remaining_position': 100.0}, {'timestamp': 15, 'value': 1000.0, 'price': 0.0, 'remaining_position': 100.0}, {'timestamp': 16, 'value': 1000.0, 'price': 0.0, 'remaining_position': 100.0}, {'timestamp': 17, 'value': 1000.0, 'price': 0.0, 'remaining_position': 100.0}, {'timestamp': 18, 'value': 1000.0, 'price': 0.0, 'remaining_position': 100.0}, {'timestamp': 19, 'value': 1000.0, 'price': 0.0, 'remaining_position': 100.0}, {'timestamp': 20, 'value': 1000.0, 'price': 0.0, 'remaining_position': 100.0}, {'timestamp': 21, 'value': 1043.3, 'price': 0.0, 'remaining_position': 100.0}, {'timestamp': 22, 'value': 1043.3, 'price': 0.0, 'remaining_position': 100.0}, {'timestamp': 23, 'value': 1043.3, 'price': 0.0, 'remaining_position': 100.0}, {'timestamp': 24, 'value': 1043.3, 'price': 0.0, 'remaining_position': 100.0}, {'timestamp': 25, 'value': 1043.3, 'price': 0.0, 'remaining_position': 100.0}, {'timestamp': 26, 'value': 1043.29, 'price': 0.0, 'remaining_position': 100.0}, {'timestamp': 27, 'value': 1043.29, 'price': 0.0, 'remaining_position': 100.0}, {'timestamp': 28, 'value': 1043.29, 'price': 0.0, 'remaining_position': 100.0}, {'timestamp': 29, 'value': 1043.29, 'price': 0.0, 'remaining_position': 100.0}, {'timestamp': 30, 'value': 1043.29, 'price': 0.0, 'remaining_position': 100.0}, {'timestamp': 31, 'value': 1043.29, 'price': 0.0, 'remaining_position': 100.0}, {'timestamp': 32, 'value': 1043.29, 'price': 0.0, 'remaining_position': 100.0}, {'timestamp': 33, 'value': 1043.29, 'price': 0.0, 'remaining_position': 100.0}, {'timestamp': 34, 'value': 1043.29, 'price': 0.0, 'remaining_position': 100.0}, {'timestamp': 35, 'value': 1043.29, 'price': 0.0, 'remaining_position': 100.0}, {'timestamp': 36, 'value': 1043.29, 'price': 0.0, 'remaining_position': 100.0}, {'timestamp': 37, 'value': 1043.29, 'price': 0.0, 'remaining_position': 100.0}, {'timestamp': 38, 'value': 1043.29, 'price': 0.0, 'remaining_position': 100.0}, {'timestamp': 39, 'value': 1043.29, 'price': 0.0, 'remaining_position': 100.0}, {'timestamp': 40, 'value': 1043.29, 'price': 0.0, 'remaining_position': 100.0}, {'timestamp': 41, 'value': 1043.29, 'price': 0.0, 'remaining_position': 100.0}, {'timestamp': 42, 'value': 1043.29, 'price': 0.0, 'remaining_position': 100.0}, {'timestamp': 43, 'value': 1043.29, 'price': 0.0, 'remaining_position': 100.0}, {'timestamp': 44, 'value': 1043.29, 'price': 0.0, 'remaining_position': 100.0}, {'timestamp': 45, 'value': 1043.29, 'price': 0.0, 'remaining_position': 100.0}, {'timestamp': 46, 'value': 1043.29, 'price': 0.0, 'remaining_position': 100.0}, {'timestamp': 47, 'value': 1043.29, 'price': 0.0, 'remaining_position': 100.0}, {'timestamp': 48, 'value': 1043.29, 'price': 0.0, 'remaining_position': 100.0}, {'timestamp': 49, 'value': 1043.29, 'price': 0.0, 'remaining_position': 100.0}, {'timestamp': 50, 'value': 1043.29, 'price': 0.0, 'remaining_position': 100.0}, {'timestamp': 51, 'value': 1043.29, 'price': 0.0, 'remaining_position': 100.0}, {'timestamp': 52, 'value': 1043.29, 'price': 0.0, 'remaining_position': 100.0}, {'timestamp': 53, 'value': 1043.29, 'price': 0.0, 'remaining_position': 100.0}, {'timestamp': 54, 'value': 1043.29, 'price': 0.0, 'remaining_position': 100.0}, {'timestamp': 55, 'value': 1043.29, 'price': 0.0, 'remaining_position': 100.0}, {'timestamp': 56, 'value': 1043.29, 'price': 0.0, 'remaining_position': 100.0}, {'timestamp': 57, 'value': 1043.29, 'price': 0.0, 'remaining_position': 100.0}, {'timestamp': 58, 'value': 1043.29, 'price': 0.0, 'remaining_position': 100.0}, {'timestamp': 59, 'value': 1043.29, 'price': 0.0, 'remaining_position': 100.0}, {'timestamp': 60, 'value': 1043.29, 'price': 0.0, 'remaining_position': 100.0}, {'timestamp': 61, 'value': 1043.29, 'price': 0.0, 'remaining_position': 100.0}, {'timestamp': 62, 'value': 1043.29, 'price': 0.0, 'remaining_position': 100.0}, {'timestamp': 63, 'value': 1043.29, 'price': 0.0, 'remaining_position': 100.0}, {'timestamp': 64, 'value': 1043.29, 'price': 0.0, 'remaining_position': 100.0}, {'timestamp': 65, 'value': 1043.29, 'price': 0.0, 'remaining_position': 100.0}, {'timestamp': 66, 'value': 1043.29, 'price': 0.0, 'remaining_position': 100.0}, {'timestamp': 67, 'value': 1043.29, 'price': 0.0, 'remaining_position': 100.0}, {'timestamp': 68, 'value': 1043.29, 'price': 0.0, 'remaining_position': 100.0}, {'timestamp': 69, 'value': 1043.29, 'price': 0.0, 'remaining_position': 100.0}, {'timestamp': 70, 'value': 1043.29, 'price': 0.0, 'remaining_position': 100.0}, {'timestamp': 71, 'value': 1043.29, 'price': 0.0, 'remaining_position': 100.0}, {'timestamp': 72, 'value': 1043.29, 'price': 0.0, 'remaining_position': 100.0}, {'timestamp': 73, 'value': 1043.29, 'price': 0.0, 'remaining_position': 100.0}, {'timestamp': 74, 'value': 1043.29, 'price': 0.0, 'remaining_position': 100.0}, {'timestamp': 75, 'value': 1043.29, 'price': 0.0, 'remaining_position': 100.0}, {'timestamp': 76, 'value': 1043.29, 'price': 0.0, 'remaining_position': 100.0}, {'timestamp': 77, 'value': 1043.29, 'price': 0.0, 'remaining_position': 100.0}, {'timestamp': 78, 'value': 1043.29, 'price': 0.0, 'remaining_position': 100.0}, {'timestamp': 79, 'value': 1043.29, 'price': 0.0, 'remaining_position': 100.0}, {'timestamp': 80, 'value': 1043.29, 'price': 0.0, 'remaining_position': 100.0}, {'timestamp': 81, 'value': 1043.29, 'price': 0.0, 'remaining_position': 100.0}, {'timestamp': 82, 'value': 1043.29, 'price': 0.0, 'remaining_position': 100.0}, {'timestamp': 83, 'value': 1043.29, 'price': 0.0, 'remaining_position': 100.0}, {'timestamp': 84, 'value': 1043.29, 'price': 0.0, 'remaining_position': 100.0}, {'timestamp': 85, 'value': 1043.29, 'price': 0.0, 'remaining_position': 100.0}, {'timestamp': 86, 'value': 1043.29, 'price': 0.0, 'remaining_position': 100.0}, {'timestamp': 87, 'value': 1043.29, 'price': 0.0, 'remaining_position': 100.0}, {'timestamp': 88, 'value': 1043.29, 'price': 0.0, 'remaining_position': 100.0}, {'timestamp': 89, 'value': 1043.29, 'price': 0.0, 'remaining_position': 100.0}, {'timestamp': 90, 'value': 1043.29, 'price': 0.0, 'remaining_position': 100.0}, {'timestamp': 91, 'value': 1043.29, 'price': 0.0, 'remaining_position': 100.0}, {'timestamp': 92, 'value': 1043.29, 'price': 0.0, 'remaining_position': 100.0}, {'timestamp': 93, 'value': 1043.29, 'price': 0.0, 'remaining_position': 100.0}, {'timestamp': 94, 'value': 1043.29, 'price': 0.0, 'remaining_position': 100.0}, {'timestamp': 95, 'value': 1043.29, 'price': 0.0, 'remaining_position': 100.0}, {'timestamp': 96, 'value': 1043.29, 'price': 0.0, 'remaining_position': 100.0}, {'timestamp': 97, 'value': 1043.29, 'price': 0.0, 'remaining_position': 100.0}, {'timestamp': 98, 'value': 1043.29, 'price': 0.0, 'remaining_position': 100.0}, {'timestamp': 99, 'value': 1043.29, 'price': 0.0, 'remaining_position': 100.0}, {'timestamp': 100, 'value': 1043.29, 'price': 0.0, 'remaining_position': 100.0}, {'timestamp': 101, 'value': 1043.29, 'price': 0.0, 'remaining_position': 100.0}, {'timestamp': 102, 'value': 1043.29, 'price': 0.0, 'remaining_position': 100.0}, {'timestamp': 103, 'value': 1043.29, 'price': 0.0, 'remaining_position': 100.0}, {'timestamp': 104, 'value': 1043.29, 'price': 0.0, 'remaining_position': 100.0}, {'timestamp': 105, 'value': 1043.29, 'price': 0.0, 'remaining_position': 100.0}, {'timestamp': 106, 'value': 1043.29, 'price': 0.0, 'remaining_position': 100.0}, {'timestamp': 107, 'value': 1043.29, 'price': 0.0, 'remaining_position': 100.0}, {'timestamp': 108, 'value': 1043.29, 'price': 0.0, 'remaining_position': 100.0}, {'timestamp': 109, 'value': 1043.29, 'price': 0.0, 'remaining_position': 100.0}, {'timestamp': 110, 'value': 1043.29, 'price': 0.0, 'remaining_position': 100.0}, {'timestamp': 111, 'value': 1043.29, 'price': 0.0, 'remaining_position': 100.0}, {'timestamp': 112, 'value': 1043.29, 'price': 0.0, 'remaining_position': 100.0}, {'timestamp': 113, 'value': 1043.29, 'price': 0.0, 'remaining_position': 100.0}, {'timestamp': 114, 'value': 1043.29, 'price': 0.0, 'remaining_position': 100.0}, {'timestamp': 115, 'value': 1043.29, 'price': 0.0, 'remaining_position': 100.0}, {'timestamp': 116, 'value': 1043.29, 'price': 0.0, 'remaining_position': 100.0}, {'timestamp': 117, 'value': 1043.29, 'price': 0.0, 'remaining_position': 100.0}, {'timestamp': 118, 'value': 1043.29, 'price': 0.0, 'remaining_position': 100.0}, {'timestamp': 119, 'value': 1043.29, 'price': 0.0, 'remaining_position': 100.0}, {'timestamp': 120, 'value': 1043.29, 'price': 0.0, 'remaining_position': 100.0}, {'timestamp': 121, 'value': 1043.29, 'price': 0.0, 'remaining_position': 100.0}, {'timestamp': 122, 'value': 1043.29, 'price': 0.0, 'remaining_position': 100.0}, {'timestamp': 123, 'value': 1043.29, 'price': 0.0, 'remaining_position': 100.0}, {'timestamp': 124, 'value': 1043.29, 'price': 0.0, 'remaining_position': 100.0}, {'timestamp': 125, 'value': 1043.29, 'price': 0.0, 'remaining_position': 100.0}, {'timestamp': 126, 'value': 1043.29, 'price': 0.0, 'remaining_position': 100.0}, {'timestamp': 127, 'value': 1043.29, 'price': 0.0, 'remaining_position': 100.0}, {'timestamp': 128, 'value': 1043.29, 'price': 0.0, 'remaining_position': 100.0}, {'timestamp': 129, 'value': 1043.29, 'price': 0.0, 'remaining_position': 100.0}, {'timestamp': 130, 'value': 1043.29, 'price': 0.0, 'remaining_position': 100.0}, {'timestamp': 131, 'value': 1043.29, 'price': 0.0, 'remaining_position': 100.0}, {'timestamp': 132, 'value': 1043.29, 'price': 0.0, 'remaining_position': 100.0}, {'timestamp': 133, 'value': 1043.29, 'price': 0.0, 'remaining_position': 100.0}, {'timestamp': 134, 'value': 1043.29, 'price': 0.0, 'remaining_position': 100.0}, {'timestamp': 135, 'value': 1043.29, 'price': 0.0, 'remaining_position': 100.0}, {'timestamp': 136, 'value': 1043.29, 'price': 0.0, 'remaining_position': 100.0}, {'timestamp': 137, 'value': 1043.29, 'price': 0.0, 'remaining_position': 100.0}, {'timestamp': 138, 'value': 1043.29, 'price': 0.0, 'remaining_position': 100.0}, {'timestamp': 139, 'value': 1043.29, 'price': 0.0, 'remaining_position': 100.0}, {'timestamp': 140, 'value': 1043.29, 'price': 0.0, 'remaining_position': 100.0}, {'timestamp': 141, 'value': 1043.29, 'price': 0.0, 'remaining_position': 100.0}, {'timestamp': 142, 'value': 1043.29, 'price': 0.0, 'remaining_position': 100.0}, {'timestamp': 143, 'value': 1043.29, 'price': 0.0, 'remaining_position': 100.0}, {'timestamp': 144, 'value': 1043.29, 'price': 0.0, 'remaining_position': 100.0}, {'timestamp': 145, 'value': 1043.29, 'price': 0.0, 'remaining_position': 100.0}, {'timestamp': 146, 'value': 1043.29, 'price': 0.0, 'remaining_position': 100.0}, {'timestamp': 147, 'value': 1043.29, 'price': 0.0, 'remaining_position': 100.0}, {'timestamp': 148, 'value': 1043.29, 'price': 0.0, 'remaining_position': 100.0}, {'timestamp': 149, 'value': 1043.29, 'price': 0.0, 'remaining_position': 100.0}, {'timestamp': 150, 'value': 1043.29, 'price': 0.0, 'remaining_position': 100.0}, {'timestamp': 151, 'value': 1043.29, 'price': 0.0, 'remaining_position': 100.0}, {'timestamp': 152, 'value': 1043.29, 'price': 0.0, 'remaining_position': 100.0}, {'timestamp': 153, 'value': 1043.29, 'price': 0.0, 'remaining_position': 100.0}, {'timestamp': 154, 'value': 1043.29, 'price': 0.0, 'remaining_position': 100.0}, {'timestamp': 155, 'value': 1043.29, 'price': 0.0, 'remaining_position': 100.0}, {'timestamp': 156, 'value': 1043.29, 'price': 0.0, 'remaining_position': 100.0}, {'timestamp': 157, 'value': 1043.29, 'price': 0.0, 'remaining_position': 100.0}, {'timestamp': 158, 'value': 1043.29, 'price': 0.0, 'remaining_position': 100.0}, {'timestamp': 159, 'value': 1043.29, 'price': 0.0, 'remaining_position': 100.0}, {'timestamp': 160, 'value': 1043.29, 'price': 0.0, 'remaining_position': 100.0}, {'timestamp': 161, 'value': 1043.29, 'price': 0.0, 'remaining_position': 100.0}, {'timestamp': 162, 'value': 1043.29, 'price': 0.0, 'remaining_position': 100.0}, {'timestamp': 163, 'value': 1043.29, 'price': 0.0, 'remaining_position': 100.0}, {'timestamp': 164, 'value': 1043.29, 'price': 0.0, 'remaining_position': 100.0}, {'timestamp': 165, 'value': 1043.29, 'price': 0.0, 'remaining_position': 100.0}, {'timestamp': 166, 'value': 1043.29, 'price': 0.0, 'remaining_position': 100.0}, {'timestamp': 167, 'value': 1043.29, 'price': 0.0, 'remaining_position': 100.0}, {'timestamp': 168, 'value': 1043.29, 'price': 0.0, 'remaining_position': 100.0}, {'timestamp': 169, 'value': 1043.29, 'price': 0.0, 'remaining_position': 100.0}, {'timestamp': 170, 'value': 1043.29, 'price': 0.0, 'remaining_position': 100.0}, {'timestamp': 171, 'value': 1043.29, 'price': 0.0, 'remaining_position': 100.0}, {'timestamp': 172, 'value': 1043.29, 'price': 0.0, 'remaining_position': 100.0}, {'timestamp': 173, 'value': 1043.29, 'price': 0.0, 'remaining_position': 100.0}, {'timestamp': 174, 'value': 1043.29, 'price': 0.0, 'remaining_position': 100.0}, {'timestamp': 175, 'value': 1043.29, 'price': 0.0, 'remaining_position': 100.0}, {'timestamp': 176, 'value': 1043.29, 'price': 0.0, 'remaining_position': 100.0}, {'timestamp': 177, 'value': 1043.29, 'price': 0.0, 'remaining_position': 100.0}, {'timestamp': 178, 'value': 1043.29, 'price': 0.0, 'remaining_position': 100.0}, {'timestamp': 179, 'value': 1043.29, 'price': 0.0, 'remaining_position': 100.0}, {'timestamp': 180, 'value': 1043.29, 'price': 0.0, 'remaining_position': 100.0}, {'timestamp': 181, 'value': 1043.29, 'price': 0.0, 'remaining_position': 100.0}, {'timestamp': 182, 'value': 1043.29, 'price': 0.0, 'remaining_position': 100.0}, {'timestamp': 183, 'value': 1043.29, 'price': 0.0, 'remaining_position': 100.0}, {'timestamp': 184, 'value': 1043.29, 'price': 0.0, 'remaining_position': 100.0}, {'timestamp': 185, 'value': 1043.29, 'price': 0.0, 'remaining_position': 100.0}, {'timestamp': 186, 'value': 1043.29, 'price': 0.0, 'remaining_position': 100.0}, {'timestamp': 187, 'value': 1043.29, 'price': 0.0, 'remaining_position': 100.0}, {'timestamp': 188, 'value': 1043.29, 'price': 0.0, 'remaining_position': 100.0}, {'timestamp': 189, 'value': 1043.29, 'price': 0.0, 'remaining_position': 100.0}, {'timestamp': 190, 'value': 1043.29, 'price': 0.0, 'remaining_position': 100.0}, {'timestamp': 191, 'value': 1043.29, 'price': 0.0, 'remaining_position': 100.0}, {'timestamp': 192, 'value': 1043.29, 'price': 0.0, 'remaining_position': 100.0}, {'timestamp': 193, 'value': 1043.29, 'price': 0.0, 'remaining_position': 100.0}, {'timestamp': 194, 'value': 1043.29, 'price': 0.0, 'remaining_position': 100.0}, {'timestamp': 195, 'value': 1043.29, 'price': 0.0, 'remaining_position': 100.0}, {'timestamp': 196, 'value': 1043.29, 'price': 0.0, 'remaining_position': 100.0}, {'timestamp': 197, 'value': 1043.29, 'price': 0.0, 'remaining_position': 100.0}, {'timestamp': 198, 'value': 1043.29, 'price': 0.0, 'remaining_position': 100.0}, {'timestamp': 199, 'value': 1036.74, 'price': 0.0, 'remaining_position': 100.0}, {'timestamp': 200, 'value': 1036.74, 'price': 0.0, 'remaining_position': 100.0}, {'timestamp': 1749547657, 'value': 1073.94, 'price': 0.0, 'remaining_position': 100.0}]}
2025-06-10 03:27:38,133 - INFO - Birdeye API response for GtvNHBp3RJZaQbLvrZmRszDSowR119u6qnJVvn7ypump: Status=200, Response={"data":{"items":[{"address":"GtvNHBp3RJZaQbLvrZmRszDSowR119u6qnJVvn7ypump","unixTime":1749547560,"value":0.000007190119652371102},{"address":"GtvNHBp3RJZaQbLvrZmRszDSowR119u6qnJVvn7ypump","unixTime":1749547620,"value":0.000007190119652371102}]},"success":true}
2025-06-10 03:27:38,134 - INFO - Current price for GtvNHBp3RJZaQbLvrZmRszDSowR119u6qnJVvn7ypump: 7.190119652371102e-06
2025-06-10 03:27:38,135 - INFO - Fetching price history for GtvNHBp3RJZaQbLvrZmRszDSowR119u6qnJVvn7ypump
2025-06-10 03:27:38,135 - INFO - Fetching price history for GtvNHBp3RJZaQbLvrZmRszDSowR119u6qnJVvn7ypump from 1749288420 to 1749547620
2025-06-10 03:27:38,426 - ERROR - Failed to fetch price history for GtvNHBp3RJZaQbLvrZmRszDSowR119u6qnJVvn7ypump. Status: 429, Response: {"success":false,"message":"Too many requests"}
2025-06-10 03:27:38,427 - ERROR - Error fetching price history for GtvNHBp3RJZaQbLvrZmRszDSowR119u6qnJVvn7ypump: 429, message='{"success":false,"message":"Too many requests"}', url='https://public-api.birdeye.so/defi/history_price?address=GtvNHBp3RJZaQbLvrZmRszDSowR119u6qnJVvn7ypump&address_type=token&type=1m&time_from=1749288420&time_to=1749547620'
Traceback (most recent call last):
  File "C:\Users\alexj\OneDrive\Desktop\traderRanker\main.py", line 148, in fetch_history_price
    raise aiohttp.ClientResponseError(
aiohttp.client_exceptions.ClientResponseError: 429, message='{"success":false,"message":"Too many requests"}', url='https://public-api.birdeye.so/defi/history_price?address=GtvNHBp3RJZaQbLvrZmRszDSowR119u6qnJVvn7ypump&address_type=token&type=1m&time_from=1749288420&time_to=1749547620'
2025-06-10 03:27:41,114 - INFO - Successfully retrieved 1000 valid price points for GtvNHBp3RJZaQbLvrZmRszDSowR119u6qnJVvn7ypump
2025-06-10 03:27:41,115 - INFO - Processing 1000 data points for GtvNHBp3RJZaQbLvrZmRszDSowR119u6qnJVvn7ypump
2025-06-10 03:27:41,121 - INFO - Built OHLC data with shape: (201, 6)
2025-06-10 03:27:41,121 - INFO - Built OHLC data for GtvNHBp3RJZaQbLvrZmRszDSowR119u6qnJVvn7ypump with shape: (201, 6)
2025-06-10 03:27:41,134 - INFO - Simulation results for GtvNHBp3RJZaQbLvrZmRszDSowR119u6qnJVvn7ypump: {'entry_price': 0.0, 'current_price': 0.0, 'amount_usd': 1000.0, 'final_usd': 1031.88, 'roi_percent': 3.19, 'tps_hit': [False, False], 'sls_hit': [False, False], 'position_values': [{'timestamp': 0, 'value': 1000.0, 'price': 0.0, 'remaining_position': 100.0}, {'timestamp': 1, 'value': 1000.0, 'price': 0.0, 'remaining_position': 100.0}, {'timestamp': 2, 'value': 1000.0, 'price': 0.0, 'remaining_position': 100.0}, {'timestamp': 3, 'value': 1000.0, 'price': 0.0, 'remaining_position': 100.0}, {'timestamp': 4, 'value': 1000.0, 'price': 0.0, 'remaining_position': 100.0}, {'timestamp': 5, 'value': 1000.0, 'price': 0.0, 'remaining_position': 100.0}, {'timestamp': 6, 'value': 1000.0, 'price': 0.0, 'remaining_position': 100.0}, {'timestamp': 7, 'value': 1000.0, 'price': 0.0, 'remaining_position': 100.0}, {'timestamp': 8, 'value': 1000.0, 'price': 0.0, 'remaining_position': 100.0}, {'timestamp': 9, 'value': 1000.0, 'price': 0.0, 'remaining_position': 100.0}, {'timestamp': 10, 'value': 1000.0, 'price': 0.0, 'remaining_position': 100.0}, {'timestamp': 11, 'value': 1000.0, 'price': 0.0, 'remaining_position': 100.0}, {'timestamp': 12, 'value': 1000.0, 'price': 0.0, 'remaining_position': 100.0}, {'timestamp': 13, 'value': 1000.0, 'price': 0.0, 'remaining_position': 100.0}, {'timestamp': 14, 'value': 1000.0, 'price': 0.0, 'remaining_position': 100.0}, {'timestamp': 15, 'value': 1000.0, 'price': 0.0, 'remaining_position': 100.0}, {'timestamp': 16, 'value': 1000.0, 'price': 0.0, 'remaining_position': 100.0}, {'timestamp': 17, 'value': 1000.0, 'price': 0.0, 'remaining_position': 100.0}, {'timestamp': 18, 'value': 1000.0, 'price': 0.0, 'remaining_position': 100.0}, {'timestamp': 19, 'value': 1000.0, 'price': 0.0, 'remaining_position': 100.0}, {'timestamp': 20, 'value': 1000.0, 'price': 0.0, 'remaining_position': 100.0}, {'timestamp': 21, 'value': 1000.0, 'price': 0.0, 'remaining_position': 100.0}, {'timestamp': 22, 'value': 1000.0, 'price': 0.0, 'remaining_position': 100.0}, {'timestamp': 23, 'value': 1000.0, 'price': 0.0, 'remaining_position': 100.0}, {'timestamp': 24, 'value': 1000.0, 'price': 0.0, 'remaining_position': 100.0}, {'timestamp': 25, 'value': 1000.0, 'price': 0.0, 'remaining_position': 100.0}, {'timestamp': 26, 'value': 1000.0, 'price': 0.0, 'remaining_position': 100.0}, {'timestamp': 27, 'value': 1000.0, 'price': 0.0, 'remaining_position': 100.0}, {'timestamp': 28, 'value': 1000.0, 'price': 0.0, 'remaining_position': 100.0}, {'timestamp': 29, 'value': 1000.0, 'price': 0.0, 'remaining_position': 100.0}, {'timestamp': 30, 'value': 1000.0, 'price': 0.0, 'remaining_position': 100.0}, {'timestamp': 31, 'value': 1000.0, 'price': 0.0, 'remaining_position': 100.0}, {'timestamp': 32, 'value': 1000.0, 'price': 0.0, 'remaining_position': 100.0}, {'timestamp': 33, 'value': 1000.0, 'price': 0.0, 'remaining_position': 100.0}, {'timestamp': 34, 'value': 1000.0, 'price': 0.0, 'remaining_position': 100.0}, {'timestamp': 35, 'value': 1000.0, 'price': 0.0, 'remaining_position': 100.0}, {'timestamp': 36, 'value': 1000.0, 'price': 0.0, 'remaining_position': 100.0}, {'timestamp': 37, 'value': 1000.0, 'price': 0.0, 'remaining_position': 100.0}, {'timestamp': 38, 'value': 1000.0, 'price': 0.0, 'remaining_position': 100.0}, {'timestamp': 39, 'value': 1000.0, 'price': 0.0, 'remaining_position': 100.0}, {'timestamp': 40, 'value': 1000.0, 'price': 0.0, 'remaining_position': 100.0}, {'timestamp': 41, 'value': 1000.0, 'price': 0.0, 'remaining_position': 100.0}, {'timestamp': 42, 'value': 1000.0, 'price': 0.0, 'remaining_position': 100.0}, {'timestamp': 43, 'value': 1000.0, 'price': 0.0, 'remaining_position': 100.0}, {'timestamp': 44, 'value': 1000.0, 'price': 0.0, 'remaining_position': 100.0}, {'timestamp': 45, 'value': 1000.0, 'price': 0.0, 'remaining_position': 100.0}, {'timestamp': 46, 'value': 1000.0, 'price': 0.0, 'remaining_position': 100.0}, {'timestamp': 47, 'value': 1000.0, 'price': 0.0, 'remaining_position': 100.0}, {'timestamp': 48, 'value': 1000.0, 'price': 0.0, 'remaining_position': 100.0}, {'timestamp': 49, 'value': 1000.0, 'price': 0.0, 'remaining_position': 100.0}, {'timestamp': 50, 'value': 1000.0, 'price': 0.0, 'remaining_position': 100.0}, {'timestamp': 51, 'value': 1000.0, 'price': 0.0, 'remaining_position': 100.0}, {'timestamp': 52, 'value': 1000.0, 'price': 0.0, 'remaining_position': 100.0}, {'timestamp': 53, 'value': 1000.0, 'price': 0.0, 'remaining_position': 100.0}, {'timestamp': 54, 'value': 1000.0, 'price': 0.0, 'remaining_position': 100.0}, {'timestamp': 55, 'value': 1000.0, 'price': 0.0, 'remaining_position': 100.0}, {'timestamp': 56, 'value': 1000.0, 'price': 0.0, 'remaining_position': 100.0}, {'timestamp': 57, 'value': 1000.0, 'price': 0.0, 'remaining_position': 100.0}, {'timestamp': 58, 'value': 1000.0, 'price': 0.0, 'remaining_position': 100.0}, {'timestamp': 59, 'value': 1000.0, 'price': 0.0, 'remaining_position': 100.0}, {'timestamp': 60, 'value': 1000.0, 'price': 0.0, 'remaining_position': 100.0}, {'timestamp': 61, 'value': 1000.0, 'price': 0.0, 'remaining_position': 100.0}, {'timestamp': 62, 'value': 1000.0, 'price': 0.0, 'remaining_position': 100.0}, {'timestamp': 63, 'value': 1000.0, 'price': 0.0, 'remaining_position': 100.0}, {'timestamp': 64, 'value': 1000.0, 'price': 0.0, 'remaining_position': 100.0}, {'timestamp': 65, 'value': 1000.0, 'price': 0.0, 'remaining_position': 100.0}, {'timestamp': 66, 'value': 1000.0, 'price': 0.0, 'remaining_position': 100.0}, {'timestamp': 67, 'value': 1000.0, 'price': 0.0, 'remaining_position': 100.0}, {'timestamp': 68, 'value': 1000.0, 'price': 0.0, 'remaining_position': 100.0}, {'timestamp': 69, 'value': 1000.0, 'price': 0.0, 'remaining_position': 100.0}, {'timestamp': 70, 'value': 1000.0, 'price': 0.0, 'remaining_position': 100.0}, {'timestamp': 71, 'value': 1000.0, 'price': 0.0, 'remaining_position': 100.0}, {'timestamp': 72, 'value': 1000.0, 'price': 0.0, 'remaining_position': 100.0}, {'timestamp': 73, 'value': 1000.0, 'price': 0.0, 'remaining_position': 100.0}, {'timestamp': 74, 'value': 1000.0, 'price': 0.0, 'remaining_position': 100.0}, {'timestamp': 75, 'value': 1000.0, 'price': 0.0, 'remaining_position': 100.0}, {'timestamp': 76, 'value': 1000.0, 'price': 0.0, 'remaining_position': 100.0}, {'timestamp': 77, 'value': 1000.0, 'price': 0.0, 'remaining_position': 100.0}, {'timestamp': 78, 'value': 1000.0, 'price': 0.0, 'remaining_position': 100.0}, {'timestamp': 79, 'value': 1000.0, 'price': 0.0, 'remaining_position': 100.0}, {'timestamp': 80, 'value': 1000.0, 'price': 0.0, 'remaining_position': 100.0}, {'timestamp': 81, 'value': 1000.0, 'price': 0.0, 'remaining_position': 100.0}, {'timestamp': 82, 'value': 1000.0, 'price': 0.0, 'remaining_position': 100.0}, {'timestamp': 83, 'value': 1000.0, 'price': 0.0, 'remaining_position': 100.0}, {'timestamp': 84, 'value': 1000.0, 'price': 0.0, 'remaining_position': 100.0}, {'timestamp': 85, 'value': 1000.0, 'price': 0.0, 'remaining_position': 100.0}, {'timestamp': 86, 'value': 1000.0, 'price': 0.0, 'remaining_position': 100.0}, {'timestamp': 87, 'value': 1000.0, 'price': 0.0, 'remaining_position': 100.0}, {'timestamp': 88, 'value': 1000.0, 'price': 0.0, 'remaining_position': 100.0}, {'timestamp': 89, 'value': 1000.0, 'price': 0.0, 'remaining_position': 100.0}, {'timestamp': 90, 'value': 1000.0, 'price': 0.0, 'remaining_position': 100.0}, {'timestamp': 91, 'value': 1000.0, 'price': 0.0, 'remaining_position': 100.0}, {'timestamp': 92, 'value': 1000.0, 'price': 0.0, 'remaining_position': 100.0}, {'timestamp': 93, 'value': 1000.0, 'price': 0.0, 'remaining_position': 100.0}, {'timestamp': 94, 'value': 1000.0, 'price': 0.0, 'remaining_position': 100.0}, {'timestamp': 95, 'value': 1000.0, 'price': 0.0, 'remaining_position': 100.0}, {'timestamp': 96, 'value': 1000.0, 'price': 0.0, 'remaining_position': 100.0}, {'timestamp': 97, 'value': 1000.0, 'price': 0.0, 'remaining_position': 100.0}, {'timestamp': 98, 'value': 1000.0, 'price': 0.0, 'remaining_position': 100.0}, {'timestamp': 99, 'value': 1000.0, 'price': 0.0, 'remaining_position': 100.0}, {'timestamp': 100, 'value': 1000.0, 'price': 0.0, 'remaining_position': 100.0}, {'timestamp': 101, 'value': 1000.0, 'price': 0.0, 'remaining_position': 100.0}, {'timestamp': 102, 'value': 1000.0, 'price': 0.0, 'remaining_position': 100.0}, {'timestamp': 103, 'value': 1000.0, 'price': 0.0, 'remaining_position': 100.0}, {'timestamp': 104, 'value': 1000.0, 'price': 0.0, 'remaining_position': 100.0}, {'timestamp': 105, 'value': 1000.0, 'price': 0.0, 'remaining_position': 100.0}, {'timestamp': 106, 'value': 1000.0, 'price': 0.0, 'remaining_position': 100.0}, {'timestamp': 107, 'value': 1000.0, 'price': 0.0, 'remaining_position': 100.0}, {'timestamp': 108, 'value': 1000.0, 'price': 0.0, 'remaining_position': 100.0}, {'timestamp': 109, 'value': 1000.0, 'price': 0.0, 'remaining_position': 100.0}, {'timestamp': 110, 'value': 1000.0, 'price': 0.0, 'remaining_position': 100.0}, {'timestamp': 111, 'value': 1000.0, 'price': 0.0, 'remaining_position': 100.0}, {'timestamp': 112, 'value': 1000.0, 'price': 0.0, 'remaining_position': 100.0}, {'timestamp': 113, 'value': 1000.0, 'price': 0.0, 'remaining_position': 100.0}, {'timestamp': 114, 'value': 1000.0, 'price': 0.0, 'remaining_position': 100.0}, {'timestamp': 115, 'value': 1000.0, 'price': 0.0, 'remaining_position': 100.0}, {'timestamp': 116, 'value': 1000.0, 'price': 0.0, 'remaining_position': 100.0}, {'timestamp': 117, 'value': 1000.0, 'price': 0.0, 'remaining_position': 100.0}, {'timestamp': 118, 'value': 1000.0, 'price': 0.0, 'remaining_position': 100.0}, {'timestamp': 119, 'value': 1000.0, 'price': 0.0, 'remaining_position': 100.0}, {'timestamp': 120, 'value': 1000.0, 'price': 0.0, 'remaining_position': 100.0}, {'timestamp': 121, 'value': 1000.0, 'price': 0.0, 'remaining_position': 100.0}, {'timestamp': 122, 'value': 1000.0, 'price': 0.0, 'remaining_position': 100.0}, {'timestamp': 123, 'value': 1000.0, 'price': 0.0, 'remaining_position': 100.0}, {'timestamp': 124, 'value': 1000.0, 'price': 0.0, 'remaining_position': 100.0}, {'timestamp': 125, 'value': 1000.0, 'price': 0.0, 'remaining_position': 100.0}, {'timestamp': 126, 'value': 1000.0, 'price': 0.0, 'remaining_position': 100.0}, {'timestamp': 127, 'value': 1000.0, 'price': 0.0, 'remaining_position': 100.0}, {'timestamp': 128, 'value': 1000.0, 'price': 0.0, 'remaining_position': 100.0}, {'timestamp': 129, 'value': 1000.0, 'price': 0.0, 'remaining_position': 100.0}, {'timestamp': 130, 'value': 1000.0, 'price': 0.0, 'remaining_position': 100.0}, {'timestamp': 131, 'value': 1000.0, 'price': 0.0, 'remaining_position': 100.0}, {'timestamp': 132, 'value': 1000.0, 'price': 0.0, 'remaining_position': 100.0}, {'timestamp': 133, 'value': 1000.0, 'price': 0.0, 'remaining_position': 100.0}, {'timestamp': 134, 'value': 1000.0, 'price': 0.0, 'remaining_position': 100.0}, {'timestamp': 135, 'value': 1000.0, 'price': 0.0, 'remaining_position': 100.0}, {'timestamp': 136, 'value': 1000.0, 'price': 0.0, 'remaining_position': 100.0}, {'timestamp': 137, 'value': 1000.0, 'price': 0.0, 'remaining_position': 100.0}, {'timestamp': 138, 'value': 1000.0, 'price': 0.0, 'remaining_position': 100.0}, {'timestamp': 139, 'value': 1000.0, 'price': 0.0, 'remaining_position': 100.0}, {'timestamp': 140, 'value': 1000.0, 'price': 0.0, 'remaining_position': 100.0}, {'timestamp': 141, 'value': 1000.0, 'price': 0.0, 'remaining_position': 100.0}, {'timestamp': 142, 'value': 1000.0, 'price': 0.0, 'remaining_position': 100.0}, {'timestamp': 143, 'value': 1000.0, 'price': 0.0, 'remaining_position': 100.0}, {'timestamp': 144, 'value': 1000.0, 'price': 0.0, 'remaining_position': 100.0}, {'timestamp': 145, 'value': 1000.0, 'price': 0.0, 'remaining_position': 100.0}, {'timestamp': 146, 'value': 1000.0, 'price': 0.0, 'remaining_position': 100.0}, {'timestamp': 147, 'value': 1000.0, 'price': 0.0, 'remaining_position': 100.0}, {'timestamp': 148, 'value': 1000.0, 'price': 0.0, 'remaining_position': 100.0}, {'timestamp': 149, 'value': 1000.0, 'price': 0.0, 'remaining_position': 100.0}, {'timestamp': 150, 'value': 1000.0, 'price': 0.0, 'remaining_position': 100.0}, {'timestamp': 151, 'value': 1000.0, 'price': 0.0, 'remaining_position': 100.0}, {'timestamp': 152, 'value': 1000.0, 'price': 0.0, 'remaining_position': 100.0}, {'timestamp': 153, 'value': 1000.0, 'price': 0.0, 'remaining_position': 100.0}, {'timestamp': 154, 'value': 1000.0, 'price': 0.0, 'remaining_position': 100.0}, {'timestamp': 155, 'value': 1000.0, 'price': 0.0, 'remaining_position': 100.0}, {'timestamp': 156, 'value': 1000.0, 'price': 0.0, 'remaining_position': 100.0}, {'timestamp': 157, 'value': 1000.0, 'price': 0.0, 'remaining_position': 100.0}, {'timestamp': 158, 'value': 1000.0, 'price': 0.0, 'remaining_position': 100.0}, {'timestamp': 159, 'value': 1000.0, 'price': 0.0, 'remaining_position': 100.0}, {'timestamp': 160, 'value': 1000.0, 'price': 0.0, 'remaining_position': 100.0}, {'timestamp': 161, 'value': 1000.0, 'price': 0.0, 'remaining_position': 100.0}, {'timestamp': 162, 'value': 1000.0, 'price': 0.0, 'remaining_position': 100.0}, {'timestamp': 163, 'value': 1000.0, 'price': 0.0, 'remaining_position': 100.0}, {'timestamp': 164, 'value': 1000.0, 'price': 0.0, 'remaining_position': 100.0}, {'timestamp': 165, 'value': 1000.0, 'price': 0.0, 'remaining_position': 100.0}, {'timestamp': 166, 'value': 1000.0, 'price': 0.0, 'remaining_position': 100.0}, {'timestamp': 167, 'value': 1000.0, 'price': 0.0, 'remaining_position': 100.0}, {'timestamp': 168, 'value': 1000.0, 'price': 0.0, 'remaining_position': 100.0}, {'timestamp': 169, 'value': 1000.0, 'price': 0.0, 'remaining_position': 100.0}, {'timestamp': 170, 'value': 1000.0, 'price': 0.0, 'remaining_position': 100.0}, {'timestamp': 171, 'value': 1000.0, 'price': 0.0, 'remaining_position': 100.0}, {'timestamp': 172, 'value': 1000.0, 'price': 0.0, 'remaining_position': 100.0}, {'timestamp': 173, 'value': 1000.0, 'price': 0.0, 'remaining_position': 100.0}, {'timestamp': 174, 'value': 1000.0, 'price': 0.0, 'remaining_position': 100.0}, {'timestamp': 175, 'value': 1000.0, 'price': 0.0, 'remaining_position': 100.0}, {'timestamp': 176, 'value': 1000.0, 'price': 0.0, 'remaining_position': 100.0}, {'timestamp': 177, 'value': 1000.0, 'price': 0.0, 'remaining_position': 100.0}, {'timestamp': 178, 'value': 1000.0, 'price': 0.0, 'remaining_position': 100.0}, {'timestamp': 179, 'value': 1000.0, 'price': 0.0, 'remaining_position': 100.0}, {'timestamp': 180, 'value': 1000.0, 'price': 0.0, 'remaining_position': 100.0}, {'timestamp': 181, 'value': 1000.0, 'price': 0.0, 'remaining_position': 100.0}, {'timestamp': 182, 'value': 1000.0, 'price': 0.0, 'remaining_position': 100.0}, {'timestamp': 183, 'value': 1000.0, 'price': 0.0, 'remaining_position': 100.0}, {'timestamp': 184, 'value': 1000.0, 'price': 0.0, 'remaining_position': 100.0}, {'timestamp': 185, 'value': 1000.0, 'price': 0.0, 'remaining_position': 100.0}, {'timestamp': 186, 'value': 1000.0, 'price': 0.0, 'remaining_position': 100.0}, {'timestamp': 187, 'value': 1000.0, 'price': 0.0, 'remaining_position': 100.0}, {'timestamp': 188, 'value': 1000.0, 'price': 0.0, 'remaining_position': 100.0}, {'timestamp': 189, 'value': 1000.0, 'price': 0.0, 'remaining_position': 100.0}, {'timestamp': 190, 'value': 1000.0, 'price': 0.0, 'remaining_position': 100.0}, {'timestamp': 191, 'value': 1000.0, 'price': 0.0, 'remaining_position': 100.0}, {'timestamp': 192, 'value': 1000.0, 'price': 0.0, 'remaining_position': 100.0}, {'timestamp': 193, 'value': 1000.0, 'price': 0.0, 'remaining_position': 100.0}, {'timestamp': 194, 'value': 1000.0, 'price': 0.0, 'remaining_position': 100.0}, {'timestamp': 195, 'value': 1000.0, 'price': 0.0, 'remaining_position': 100.0}, {'timestamp': 196, 'value': 1000.0, 'price': 0.0, 'remaining_position': 100.0}, {'timestamp': 197, 'value': 1000.0, 'price': 0.0, 'remaining_position': 100.0}, {'timestamp': 198, 'value': 1000.0, 'price': 0.0, 'remaining_position': 100.0}, {'timestamp': 199, 'value': 1000.0, 'price': 0.0, 'remaining_position': 100.0}, {'timestamp': 200, 'value': 1000.0, 'price': 0.0, 'remaining_position': 100.0}, {'timestamp': 1749547661, 'value': 1031.88, 'price': 0.0, 'remaining_position': 100.0}]}
2025-06-10 03:27:41,347 - INFO - Completed simulation for 2 tokens
2025-06-10 03:27:56,886 - INFO - Health check endpoint called
2025-06-10 03:28:26,506 - INFO - Health check endpoint called
2025-06-10 03:28:56,876 - INFO - Health check endpoint called
2025-06-10 03:29:26,580 - INFO - Health check endpoint called
2025-06-10 03:29:38,558 - INFO - ==================================================
2025-06-10 03:29:38,558 - INFO - Starting FastAPI server
2025-06-10 03:29:38,558 - INFO - ==================================================
2025-06-10 03:29:43,079 - INFO - ==================================================
2025-06-10 03:29:43,079 - INFO - Starting FastAPI server
2025-06-10 03:29:43,079 - INFO - ==================================================
2025-06-10 03:29:55,409 - INFO - ==================================================
2025-06-10 03:29:55,410 - INFO - Starting FastAPI server
2025-06-10 03:29:55,410 - INFO - ==================================================
2025-06-10 03:29:56,888 - INFO - Health check endpoint called
2025-06-10 03:30:01,566 - INFO - ==================================================
2025-06-10 03:30:01,566 - INFO - Starting FastAPI server
2025-06-10 03:30:01,567 - INFO - ==================================================
2025-06-10 03:30:05,633 - INFO - Health check endpoint called
2025-06-10 03:30:13,466 - INFO - Simulation request received for 2 tokens
2025-06-10 03:30:13,467 - INFO - Request parameters: amount_usd=1000.0, timeframe_minutes=5
2025-06-10 03:30:13,469 - INFO - Using start timestamp: 1749288600
2025-06-10 03:30:13,469 - INFO - Fetching price history for 2VqtrBXmgkNa3oeJwgnBUdNL5yJhq8kddqYtPVGKbonk
2025-06-10 03:30:13,470 - INFO - Fetching price history for 2VqtrBXmgkNa3oeJwgnBUdNL5yJhq8kddqYtPVGKbonk from 1749288600 to 1749547800
2025-06-10 03:30:14,380 - INFO - Successfully retrieved 1000 valid price points for 2VqtrBXmgkNa3oeJwgnBUdNL5yJhq8kddqYtPVGKbonk
2025-06-10 03:30:14,381 - INFO - Price at call time for 2VqtrBXmgkNa3oeJwgnBUdNL5yJhq8kddqYtPVGKbonk: 1.0470815671821776e-05
2025-06-10 03:30:14,691 - INFO - Birdeye API response for 2VqtrBXmgkNa3oeJwgnBUdNL5yJhq8kddqYtPVGKbonk: Status=429, Response={"success":false,"message":"Too many requests"}
2025-06-10 03:30:14,692 - WARNING - Rate limit hit for 2VqtrBXmgkNa3oeJwgnBUdNL5yJhq8kddqYtPVGKbonk, waiting 2s before retry
2025-06-10 03:30:17,044 - INFO - Birdeye API response for 2VqtrBXmgkNa3oeJwgnBUdNL5yJhq8kddqYtPVGKbonk: Status=200, Response={"data":{"items":[{"address":"2VqtrBXmgkNa3oeJwgnBUdNL5yJhq8kddqYtPVGKbonk","unixTime":1749547740,"value":0.000011244992593856766},{"address":"2VqtrBXmgkNa3oeJwgnBUdNL5yJhq8kddqYtPVGKbonk","unixTime":1749547800,"value":0.000011244992593856766}]},"success":true}
2025-06-10 03:30:17,045 - INFO - Current price for 2VqtrBXmgkNa3oeJwgnBUdNL5yJhq8kddqYtPVGKbonk: 1.1244992593856766e-05
2025-06-10 03:30:17,046 - INFO - Processing 1000 data points for 2VqtrBXmgkNa3oeJwgnBUdNL5yJhq8kddqYtPVGKbonk
2025-06-10 03:30:17,058 - INFO - Built OHLC data with shape: (200, 6)
2025-06-10 03:30:17,059 - INFO - Built OHLC data for 2VqtrBXmgkNa3oeJwgnBUdNL5yJhq8kddqYtPVGKbonk with shape: (200, 6)
2025-06-10 03:30:17,072 - INFO - Simulation results for 2VqtrBXmgkNa3oeJwgnBUdNL5yJhq8kddqYtPVGKbonk: {'entry_price': 0.0, 'current_price': 0.0, 'amount_usd': 1000.0, 'final_usd': 1073.94, 'roi_percent': 7.39, 'tps_hit': [False, False], 'sls_hit': [False, False], 'position_values': [{'timestamp': 0, 'value': 1000.0, 'price': 0.0, 'remaining_position': 100.0}, {'timestamp': 1, 'value': 1000.0, 'price': 0.0, 'remaining_position': 100.0}, {'timestamp': 2, 'value': 1000.0, 'price': 0.0, 'remaining_position': 100.0}, {'timestamp': 3, 'value': 1000.0, 'price': 0.0, 'remaining_position': 100.0}, {'timestamp': 4, 'value': 1000.0, 'price': 0.0, 'remaining_position': 100.0}, {'timestamp': 5, 'value': 1000.0, 'price': 0.0, 'remaining_position': 100.0}, {'timestamp': 6, 'value': 1000.0, 'price': 0.0, 'remaining_position': 100.0}, {'timestamp': 7, 'value': 1000.0, 'price': 0.0, 'remaining_position': 100.0}, {'timestamp': 8, 'value': 1000.0, 'price': 0.0, 'remaining_position': 100.0}, {'timestamp': 9, 'value': 1000.0, 'price': 0.0, 'remaining_position': 100.0}, {'timestamp': 10, 'value': 1000.0, 'price': 0.0, 'remaining_position': 100.0}, {'timestamp': 11, 'value': 1000.0, 'price': 0.0, 'remaining_position': 100.0}, {'timestamp': 12, 'value': 1000.0, 'price': 0.0, 'remaining_position': 100.0}, {'timestamp': 13, 'value': 1000.0, 'price': 0.0, 'remaining_position': 100.0}, {'timestamp': 14, 'value': 1000.0, 'price': 0.0, 'remaining_position': 100.0}, {'timestamp': 15, 'value': 1000.0, 'price': 0.0, 'remaining_position': 100.0}, {'timestamp': 16, 'value': 1000.0, 'price': 0.0, 'remaining_position': 100.0}, {'timestamp': 17, 'value': 1000.0, 'price': 0.0, 'remaining_position': 100.0}, {'timestamp': 18, 'value': 1000.0, 'price': 0.0, 'remaining_position': 100.0}, {'timestamp': 19, 'value': 1000.0, 'price': 0.0, 'remaining_position': 100.0}, {'timestamp': 20, 'value': 1043.3, 'price': 0.0, 'remaining_position': 100.0}, {'timestamp': 21, 'value': 1043.3, 'price': 0.0, 'remaining_position': 100.0}, {'timestamp': 22, 'value': 1043.3, 'price': 0.0, 'remaining_position': 100.0}, {'timestamp': 23, 'value': 1043.3, 'price': 0.0, 'remaining_position': 100.0}, {'timestamp': 24, 'value': 1043.3, 'price': 0.0, 'remaining_position': 100.0}, {'timestamp': 25, 'value': 1043.29, 'price': 0.0, 'remaining_position': 100.0}, {'timestamp': 26, 'value': 1043.29, 'price': 0.0, 'remaining_position': 100.0}, {'timestamp': 27, 'value': 1043.29, 'price': 0.0, 'remaining_position': 100.0}, {'timestamp': 28, 'value': 1043.29, 'price': 0.0, 'remaining_position': 100.0}, {'timestamp': 29, 'value': 1043.29, 'price': 0.0, 'remaining_position': 100.0}, {'timestamp': 30, 'value': 1043.29, 'price': 0.0, 'remaining_position': 100.0}, {'timestamp': 31, 'value': 1043.29, 'price': 0.0, 'remaining_position': 100.0}, {'timestamp': 32, 'value': 1043.29, 'price': 0.0, 'remaining_position': 100.0}, {'timestamp': 33, 'value': 1043.29, 'price': 0.0, 'remaining_position': 100.0}, {'timestamp': 34, 'value': 1043.29, 'price': 0.0, 'remaining_position': 100.0}, {'timestamp': 35, 'value': 1043.29, 'price': 0.0, 'remaining_position': 100.0}, {'timestamp': 36, 'value': 1043.29, 'price': 0.0, 'remaining_position': 100.0}, {'timestamp': 37, 'value': 1043.29, 'price': 0.0, 'remaining_position': 100.0}, {'timestamp': 38, 'value': 1043.29, 'price': 0.0, 'remaining_position': 100.0}, {'timestamp': 39, 'value': 1043.29, 'price': 0.0, 'remaining_position': 100.0}, {'timestamp': 40, 'value': 1043.29, 'price': 0.0, 'remaining_position': 100.0}, {'timestamp': 41, 'value': 1043.29, 'price': 0.0, 'remaining_position': 100.0}, {'timestamp': 42, 'value': 1043.29, 'price': 0.0, 'remaining_position': 100.0}, {'timestamp': 43, 'value': 1043.29, 'price': 0.0, 'remaining_position': 100.0}, {'timestamp': 44, 'value': 1043.29, 'price': 0.0, 'remaining_position': 100.0}, {'timestamp': 45, 'value': 1043.29, 'price': 0.0, 'remaining_position': 100.0}, {'timestamp': 46, 'value': 1043.29, 'price': 0.0, 'remaining_position': 100.0}, {'timestamp': 47, 'value': 1043.29, 'price': 0.0, 'remaining_position': 100.0}, {'timestamp': 48, 'value': 1043.29, 'price': 0.0, 'remaining_position': 100.0}, {'timestamp': 49, 'value': 1043.29, 'price': 0.0, 'remaining_position': 100.0}, {'timestamp': 50, 'value': 1043.29, 'price': 0.0, 'remaining_position': 100.0}, {'timestamp': 51, 'value': 1043.29, 'price': 0.0, 'remaining_position': 100.0}, {'timestamp': 52, 'value': 1043.29, 'price': 0.0, 'remaining_position': 100.0}, {'timestamp': 53, 'value': 1043.29, 'price': 0.0, 'remaining_position': 100.0}, {'timestamp': 54, 'value': 1043.29, 'price': 0.0, 'remaining_position': 100.0}, {'timestamp': 55, 'value': 1043.29, 'price': 0.0, 'remaining_position': 100.0}, {'timestamp': 56, 'value': 1043.29, 'price': 0.0, 'remaining_position': 100.0}, {'timestamp': 57, 'value': 1043.29, 'price': 0.0, 'remaining_position': 100.0}, {'timestamp': 58, 'value': 1043.29, 'price': 0.0, 'remaining_position': 100.0}, {'timestamp': 59, 'value': 1043.29, 'price': 0.0, 'remaining_position': 100.0}, {'timestamp': 60, 'value': 1043.29, 'price': 0.0, 'remaining_position': 100.0}, {'timestamp': 61, 'value': 1043.29, 'price': 0.0, 'remaining_position': 100.0}, {'timestamp': 62, 'value': 1043.29, 'price': 0.0, 'remaining_position': 100.0}, {'timestamp': 63, 'value': 1043.29, 'price': 0.0, 'remaining_position': 100.0}, {'timestamp': 64, 'value': 1043.29, 'price': 0.0, 'remaining_position': 100.0}, {'timestamp': 65, 'value': 1043.29, 'price': 0.0, 'remaining_position': 100.0}, {'timestamp': 66, 'value': 1043.29, 'price': 0.0, 'remaining_position': 100.0}, {'timestamp': 67, 'value': 1043.29, 'price': 0.0, 'remaining_position': 100.0}, {'timestamp': 68, 'value': 1043.29, 'price': 0.0, 'remaining_position': 100.0}, {'timestamp': 69, 'value': 1043.29, 'price': 0.0, 'remaining_position': 100.0}, {'timestamp': 70, 'value': 1043.29, 'price': 0.0, 'remaining_position': 100.0}, {'timestamp': 71, 'value': 1043.29, 'price': 0.0, 'remaining_position': 100.0}, {'timestamp': 72, 'value': 1043.29, 'price': 0.0, 'remaining_position': 100.0}, {'timestamp': 73, 'value': 1043.29, 'price': 0.0, 'remaining_position': 100.0}, {'timestamp': 74, 'value': 1043.29, 'price': 0.0, 'remaining_position': 100.0}, {'timestamp': 75, 'value': 1043.29, 'price': 0.0, 'remaining_position': 100.0}, {'timestamp': 76, 'value': 1043.29, 'price': 0.0, 'remaining_position': 100.0}, {'timestamp': 77, 'value': 1043.29, 'price': 0.0, 'remaining_position': 100.0}, {'timestamp': 78, 'value': 1043.29, 'price': 0.0, 'remaining_position': 100.0}, {'timestamp': 79, 'value': 1043.29, 'price': 0.0, 'remaining_position': 100.0}, {'timestamp': 80, 'value': 1043.29, 'price': 0.0, 'remaining_position': 100.0}, {'timestamp': 81, 'value': 1043.29, 'price': 0.0, 'remaining_position': 100.0}, {'timestamp': 82, 'value': 1043.29, 'price': 0.0, 'remaining_position': 100.0}, {'timestamp': 83, 'value': 1043.29, 'price': 0.0, 'remaining_position': 100.0}, {'timestamp': 84, 'value': 1043.29, 'price': 0.0, 'remaining_position': 100.0}, {'timestamp': 85, 'value': 1043.29, 'price': 0.0, 'remaining_position': 100.0}, {'timestamp': 86, 'value': 1043.29, 'price': 0.0, 'remaining_position': 100.0}, {'timestamp': 87, 'value': 1043.29, 'price': 0.0, 'remaining_position': 100.0}, {'timestamp': 88, 'value': 1043.29, 'price': 0.0, 'remaining_position': 100.0}, {'timestamp': 89, 'value': 1043.29, 'price': 0.0, 'remaining_position': 100.0}, {'timestamp': 90, 'value': 1043.29, 'price': 0.0, 'remaining_position': 100.0}, {'timestamp': 91, 'value': 1043.29, 'price': 0.0, 'remaining_position': 100.0}, {'timestamp': 92, 'value': 1043.29, 'price': 0.0, 'remaining_position': 100.0}, {'timestamp': 93, 'value': 1043.29, 'price': 0.0, 'remaining_position': 100.0}, {'timestamp': 94, 'value': 1043.29, 'price': 0.0, 'remaining_position': 100.0}, {'timestamp': 95, 'value': 1043.29, 'price': 0.0, 'remaining_position': 100.0}, {'timestamp': 96, 'value': 1043.29, 'price': 0.0, 'remaining_position': 100.0}, {'timestamp': 97, 'value': 1043.29, 'price': 0.0, 'remaining_position': 100.0}, {'timestamp': 98, 'value': 1043.29, 'price': 0.0, 'remaining_position': 100.0}, {'timestamp': 99, 'value': 1043.29, 'price': 0.0, 'remaining_position': 100.0}, {'timestamp': 100, 'value': 1043.29, 'price': 0.0, 'remaining_position': 100.0}, {'timestamp': 101, 'value': 1043.29, 'price': 0.0, 'remaining_position': 100.0}, {'timestamp': 102, 'value': 1043.29, 'price': 0.0, 'remaining_position': 100.0}, {'timestamp': 103, 'value': 1043.29, 'price': 0.0, 'remaining_position': 100.0}, {'timestamp': 104, 'value': 1043.29, 'price': 0.0, 'remaining_position': 100.0}, {'timestamp': 105, 'value': 1043.29, 'price': 0.0, 'remaining_position': 100.0}, {'timestamp': 106, 'value': 1043.29, 'price': 0.0, 'remaining_position': 100.0}, {'timestamp': 107, 'value': 1043.29, 'price': 0.0, 'remaining_position': 100.0}, {'timestamp': 108, 'value': 1043.29, 'price': 0.0, 'remaining_position': 100.0}, {'timestamp': 109, 'value': 1043.29, 'price': 0.0, 'remaining_position': 100.0}, {'timestamp': 110, 'value': 1043.29, 'price': 0.0, 'remaining_position': 100.0}, {'timestamp': 111, 'value': 1043.29, 'price': 0.0, 'remaining_position': 100.0}, {'timestamp': 112, 'value': 1043.29, 'price': 0.0, 'remaining_position': 100.0}, {'timestamp': 113, 'value': 1043.29, 'price': 0.0, 'remaining_position': 100.0}, {'timestamp': 114, 'value': 1043.29, 'price': 0.0, 'remaining_position': 100.0}, {'timestamp': 115, 'value': 1043.29, 'price': 0.0, 'remaining_position': 100.0}, {'timestamp': 116, 'value': 1043.29, 'price': 0.0, 'remaining_position': 100.0}, {'timestamp': 117, 'value': 1043.29, 'price': 0.0, 'remaining_position': 100.0}, {'timestamp': 118, 'value': 1043.29, 'price': 0.0, 'remaining_position': 100.0}, {'timestamp': 119, 'value': 1043.29, 'price': 0.0, 'remaining_position': 100.0}, {'timestamp': 120, 'value': 1043.29, 'price': 0.0, 'remaining_position': 100.0}, {'timestamp': 121, 'value': 1043.29, 'price': 0.0, 'remaining_position': 100.0}, {'timestamp': 122, 'value': 1043.29, 'price': 0.0, 'remaining_position': 100.0}, {'timestamp': 123, 'value': 1043.29, 'price': 0.0, 'remaining_position': 100.0}, {'timestamp': 124, 'value': 1043.29, 'price': 0.0, 'remaining_position': 100.0}, {'timestamp': 125, 'value': 1043.29, 'price': 0.0, 'remaining_position': 100.0}, {'timestamp': 126, 'value': 1043.29, 'price': 0.0, 'remaining_position': 100.0}, {'timestamp': 127, 'value': 1043.29, 'price': 0.0, 'remaining_position': 100.0}, {'timestamp': 128, 'value': 1043.29, 'price': 0.0, 'remaining_position': 100.0}, {'timestamp': 129, 'value': 1043.29, 'price': 0.0, 'remaining_position': 100.0}, {'timestamp': 130, 'value': 1043.29, 'price': 0.0, 'remaining_position': 100.0}, {'timestamp': 131, 'value': 1043.29, 'price': 0.0, 'remaining_position': 100.0}, {'timestamp': 132, 'value': 1043.29, 'price': 0.0, 'remaining_position': 100.0}, {'timestamp': 133, 'value': 1043.29, 'price': 0.0, 'remaining_position': 100.0}, {'timestamp': 134, 'value': 1043.29, 'price': 0.0, 'remaining_position': 100.0}, {'timestamp': 135, 'value': 1043.29, 'price': 0.0, 'remaining_position': 100.0}, {'timestamp': 136, 'value': 1043.29, 'price': 0.0, 'remaining_position': 100.0}, {'timestamp': 137, 'value': 1043.29, 'price': 0.0, 'remaining_position': 100.0}, {'timestamp': 138, 'value': 1043.29, 'price': 0.0, 'remaining_position': 100.0}, {'timestamp': 139, 'value': 1043.29, 'price': 0.0, 'remaining_position': 100.0}, {'timestamp': 140, 'value': 1043.29, 'price': 0.0, 'remaining_position': 100.0}, {'timestamp': 141, 'value': 1043.29, 'price': 0.0, 'remaining_position': 100.0}, {'timestamp': 142, 'value': 1043.29, 'price': 0.0, 'remaining_position': 100.0}, {'timestamp': 143, 'value': 1043.29, 'price': 0.0, 'remaining_position': 100.0}, {'timestamp': 144, 'value': 1043.29, 'price': 0.0, 'remaining_position': 100.0}, {'timestamp': 145, 'value': 1043.29, 'price': 0.0, 'remaining_position': 100.0}, {'timestamp': 146, 'value': 1043.29, 'price': 0.0, 'remaining_position': 100.0}, {'timestamp': 147, 'value': 1043.29, 'price': 0.0, 'remaining_position': 100.0}, {'timestamp': 148, 'value': 1043.29, 'price': 0.0, 'remaining_position': 100.0}, {'timestamp': 149, 'value': 1043.29, 'price': 0.0, 'remaining_position': 100.0}, {'timestamp': 150, 'value': 1043.29, 'price': 0.0, 'remaining_position': 100.0}, {'timestamp': 151, 'value': 1043.29, 'price': 0.0, 'remaining_position': 100.0}, {'timestamp': 152, 'value': 1043.29, 'price': 0.0, 'remaining_position': 100.0}, {'timestamp': 153, 'value': 1043.29, 'price': 0.0, 'remaining_position': 100.0}, {'timestamp': 154, 'value': 1043.29, 'price': 0.0, 'remaining_position': 100.0}, {'timestamp': 155, 'value': 1043.29, 'price': 0.0, 'remaining_position': 100.0}, {'timestamp': 156, 'value': 1043.29, 'price': 0.0, 'remaining_position': 100.0}, {'timestamp': 157, 'value': 1043.29, 'price': 0.0, 'remaining_position': 100.0}, {'timestamp': 158, 'value': 1043.29, 'price': 0.0, 'remaining_position': 100.0}, {'timestamp': 159, 'value': 1043.29, 'price': 0.0, 'remaining_position': 100.0}, {'timestamp': 160, 'value': 1043.29, 'price': 0.0, 'remaining_position': 100.0}, {'timestamp': 161, 'value': 1043.29, 'price': 0.0, 'remaining_position': 100.0}, {'timestamp': 162, 'value': 1043.29, 'price': 0.0, 'remaining_position': 100.0}, {'timestamp': 163, 'value': 1043.29, 'price': 0.0, 'remaining_position': 100.0}, {'timestamp': 164, 'value': 1043.29, 'price': 0.0, 'remaining_position': 100.0}, {'timestamp': 165, 'value': 1043.29, 'price': 0.0, 'remaining_position': 100.0}, {'timestamp': 166, 'value': 1043.29, 'price': 0.0, 'remaining_position': 100.0}, {'timestamp': 167, 'value': 1043.29, 'price': 0.0, 'remaining_position': 100.0}, {'timestamp': 168, 'value': 1043.29, 'price': 0.0, 'remaining_position': 100.0}, {'timestamp': 169, 'value': 1043.29, 'price': 0.0, 'remaining_position': 100.0}, {'timestamp': 170, 'value': 1043.29, 'price': 0.0, 'remaining_position': 100.0}, {'timestamp': 171, 'value': 1043.29, 'price': 0.0, 'remaining_position': 100.0}, {'timestamp': 172, 'value': 1043.29, 'price': 0.0, 'remaining_position': 100.0}, {'timestamp': 173, 'value': 1043.29, 'price': 0.0, 'remaining_position': 100.0}, {'timestamp': 174, 'value': 1043.29, 'price': 0.0, 'remaining_position': 100.0}, {'timestamp': 175, 'value': 1043.29, 'price': 0.0, 'remaining_position': 100.0}, {'timestamp': 176, 'value': 1043.29, 'price': 0.0, 'remaining_position': 100.0}, {'timestamp': 177, 'value': 1043.29, 'price': 0.0, 'remaining_position': 100.0}, {'timestamp': 178, 'value': 1043.29, 'price': 0.0, 'remaining_position': 100.0}, {'timestamp': 179, 'value': 1043.29, 'price': 0.0, 'remaining_position': 100.0}, {'timestamp': 180, 'value': 1043.29, 'price': 0.0, 'remaining_position': 100.0}, {'timestamp': 181, 'value': 1043.29, 'price': 0.0, 'remaining_position': 100.0}, {'timestamp': 182, 'value': 1043.29, 'price': 0.0, 'remaining_position': 100.0}, {'timestamp': 183, 'value': 1043.29, 'price': 0.0, 'remaining_position': 100.0}, {'timestamp': 184, 'value': 1043.29, 'price': 0.0, 'remaining_position': 100.0}, {'timestamp': 185, 'value': 1043.29, 'price': 0.0, 'remaining_position': 100.0}, {'timestamp': 186, 'value': 1043.29, 'price': 0.0, 'remaining_position': 100.0}, {'timestamp': 187, 'value': 1043.29, 'price': 0.0, 'remaining_position': 100.0}, {'timestamp': 188, 'value': 1043.29, 'price': 0.0, 'remaining_position': 100.0}, {'timestamp': 189, 'value': 1043.29, 'price': 0.0, 'remaining_position': 100.0}, {'timestamp': 190, 'value': 1043.29, 'price': 0.0, 'remaining_position': 100.0}, {'timestamp': 191, 'value': 1043.29, 'price': 0.0, 'remaining_position': 100.0}, {'timestamp': 192, 'value': 1043.29, 'price': 0.0, 'remaining_position': 100.0}, {'timestamp': 193, 'value': 1043.29, 'price': 0.0, 'remaining_position': 100.0}, {'timestamp': 194, 'value': 1043.29, 'price': 0.0, 'remaining_position': 100.0}, {'timestamp': 195, 'value': 1043.29, 'price': 0.0, 'remaining_position': 100.0}, {'timestamp': 196, 'value': 1043.29, 'price': 0.0, 'remaining_position': 100.0}, {'timestamp': 197, 'value': 1043.29, 'price': 0.0, 'remaining_position': 100.0}, {'timestamp': 198, 'value': 1036.74, 'price': 0.0, 'remaining_position': 100.0}, {'timestamp': 199, 'value': 1036.74, 'price': 0.0, 'remaining_position': 100.0}, {'timestamp': 1749547817, 'value': 1073.94, 'price': 0.0, 'remaining_position': 100.0}]}
2025-06-10 03:30:17,279 - INFO - Fetching price history for GtvNHBp3RJZaQbLvrZmRszDSowR119u6qnJVvn7ypump
2025-06-10 03:30:17,280 - INFO - Fetching price history for GtvNHBp3RJZaQbLvrZmRszDSowR119u6qnJVvn7ypump from 1749288600 to 1749547800
2025-06-10 03:30:17,580 - ERROR - Failed to fetch price history for GtvNHBp3RJZaQbLvrZmRszDSowR119u6qnJVvn7ypump. Status: 429, Response: {"success":false,"message":"Too many requests"}
2025-06-10 03:30:17,581 - ERROR - Error fetching price history for GtvNHBp3RJZaQbLvrZmRszDSowR119u6qnJVvn7ypump: 429, message='{"success":false,"message":"Too many requests"}', url='https://public-api.birdeye.so/defi/history_price?address=GtvNHBp3RJZaQbLvrZmRszDSowR119u6qnJVvn7ypump&address_type=token&type=1m&time_from=1749288600&time_to=1749547800'
Traceback (most recent call last):
  File "C:\Users\alexj\OneDrive\Desktop\traderRanker\main.py", line 148, in fetch_history_price
    raise aiohttp.ClientResponseError(
aiohttp.client_exceptions.ClientResponseError: 429, message='{"success":false,"message":"Too many requests"}', url='https://public-api.birdeye.so/defi/history_price?address=GtvNHBp3RJZaQbLvrZmRszDSowR119u6qnJVvn7ypump&address_type=token&type=1m&time_from=1749288600&time_to=1749547800'
2025-06-10 03:30:20,560 - INFO - Successfully retrieved 1000 valid price points for GtvNHBp3RJZaQbLvrZmRszDSowR119u6qnJVvn7ypump
2025-06-10 03:30:20,561 - INFO - Price at call time for GtvNHBp3RJZaQbLvrZmRszDSowR119u6qnJVvn7ypump: 6.96797372287968e-06
2025-06-10 03:30:20,836 - INFO - Birdeye API response for GtvNHBp3RJZaQbLvrZmRszDSowR119u6qnJVvn7ypump: Status=429, Response={"success":false,"message":"Too many requests"}
2025-06-10 03:30:20,837 - WARNING - Rate limit hit for GtvNHBp3RJZaQbLvrZmRszDSowR119u6qnJVvn7ypump, waiting 2s before retry
2025-06-10 03:30:23,225 - INFO - Birdeye API response for GtvNHBp3RJZaQbLvrZmRszDSowR119u6qnJVvn7ypump: Status=200, Response={"data":{"items":[{"address":"GtvNHBp3RJZaQbLvrZmRszDSowR119u6qnJVvn7ypump","unixTime":1749547740,"value":0.000007190119652371102},{"address":"GtvNHBp3RJZaQbLvrZmRszDSowR119u6qnJVvn7ypump","unixTime":1749547800,"value":0.000007190119652371102}]},"success":true}
2025-06-10 03:30:23,226 - INFO - Current price for GtvNHBp3RJZaQbLvrZmRszDSowR119u6qnJVvn7ypump: 7.190119652371102e-06
2025-06-10 03:30:23,227 - INFO - Processing 1000 data points for GtvNHBp3RJZaQbLvrZmRszDSowR119u6qnJVvn7ypump
2025-06-10 03:30:23,232 - INFO - Built OHLC data with shape: (200, 6)
2025-06-10 03:30:23,233 - INFO - Built OHLC data for GtvNHBp3RJZaQbLvrZmRszDSowR119u6qnJVvn7ypump with shape: (200, 6)
2025-06-10 03:30:23,245 - INFO - Simulation results for GtvNHBp3RJZaQbLvrZmRszDSowR119u6qnJVvn7ypump: {'entry_price': 0.0, 'current_price': 0.0, 'amount_usd': 1000.0, 'final_usd': 1031.88, 'roi_percent': 3.19, 'tps_hit': [False, False], 'sls_hit': [False, False], 'position_values': [{'timestamp': 0, 'value': 1000.0, 'price': 0.0, 'remaining_position': 100.0}, {'timestamp': 1, 'value': 1000.0, 'price': 0.0, 'remaining_position': 100.0}, {'timestamp': 2, 'value': 1000.0, 'price': 0.0, 'remaining_position': 100.0}, {'timestamp': 3, 'value': 1000.0, 'price': 0.0, 'remaining_position': 100.0}, {'timestamp': 4, 'value': 1000.0, 'price': 0.0, 'remaining_position': 100.0}, {'timestamp': 5, 'value': 1000.0, 'price': 0.0, 'remaining_position': 100.0}, {'timestamp': 6, 'value': 1000.0, 'price': 0.0, 'remaining_position': 100.0}, {'timestamp': 7, 'value': 1000.0, 'price': 0.0, 'remaining_position': 100.0}, {'timestamp': 8, 'value': 1000.0, 'price': 0.0, 'remaining_position': 100.0}, {'timestamp': 9, 'value': 1000.0, 'price': 0.0, 'remaining_position': 100.0}, {'timestamp': 10, 'value': 1000.0, 'price': 0.0, 'remaining_position': 100.0}, {'timestamp': 11, 'value': 1000.0, 'price': 0.0, 'remaining_position': 100.0}, {'timestamp': 12, 'value': 1000.0, 'price': 0.0, 'remaining_position': 100.0}, {'timestamp': 13, 'value': 1000.0, 'price': 0.0, 'remaining_position': 100.0}, {'timestamp': 14, 'value': 1000.0, 'price': 0.0, 'remaining_position': 100.0}, {'timestamp': 15, 'value': 1000.0, 'price': 0.0, 'remaining_position': 100.0}, {'timestamp': 16, 'value': 1000.0, 'price': 0.0, 'remaining_position': 100.0}, {'timestamp': 17, 'value': 1000.0, 'price': 0.0, 'remaining_position': 100.0}, {'timestamp': 18, 'value': 1000.0, 'price': 0.0, 'remaining_position': 100.0}, {'timestamp': 19, 'value': 1000.0, 'price': 0.0, 'remaining_position': 100.0}, {'timestamp': 20, 'value': 1000.0, 'price': 0.0, 'remaining_position': 100.0}, {'timestamp': 21, 'value': 1000.0, 'price': 0.0, 'remaining_position': 100.0}, {'timestamp': 22, 'value': 1000.0, 'price': 0.0, 'remaining_position': 100.0}, {'timestamp': 23, 'value': 1000.0, 'price': 0.0, 'remaining_position': 100.0}, {'timestamp': 24, 'value': 1000.0, 'price': 0.0, 'remaining_position': 100.0}, {'timestamp': 25, 'value': 1000.0, 'price': 0.0, 'remaining_position': 100.0}, {'timestamp': 26, 'value': 1000.0, 'price': 0.0, 'remaining_position': 100.0}, {'timestamp': 27, 'value': 1000.0, 'price': 0.0, 'remaining_position': 100.0}, {'timestamp': 28, 'value': 1000.0, 'price': 0.0, 'remaining_position': 100.0}, {'timestamp': 29, 'value': 1000.0, 'price': 0.0, 'remaining_position': 100.0}, {'timestamp': 30, 'value': 1000.0, 'price': 0.0, 'remaining_position': 100.0}, {'timestamp': 31, 'value': 1000.0, 'price': 0.0, 'remaining_position': 100.0}, {'timestamp': 32, 'value': 1000.0, 'price': 0.0, 'remaining_position': 100.0}, {'timestamp': 33, 'value': 1000.0, 'price': 0.0, 'remaining_position': 100.0}, {'timestamp': 34, 'value': 1000.0, 'price': 0.0, 'remaining_position': 100.0}, {'timestamp': 35, 'value': 1000.0, 'price': 0.0, 'remaining_position': 100.0}, {'timestamp': 36, 'value': 1000.0, 'price': 0.0, 'remaining_position': 100.0}, {'timestamp': 37, 'value': 1000.0, 'price': 0.0, 'remaining_position': 100.0}, {'timestamp': 38, 'value': 1000.0, 'price': 0.0, 'remaining_position': 100.0}, {'timestamp': 39, 'value': 1000.0, 'price': 0.0, 'remaining_position': 100.0}, {'timestamp': 40, 'value': 1000.0, 'price': 0.0, 'remaining_position': 100.0}, {'timestamp': 41, 'value': 1000.0, 'price': 0.0, 'remaining_position': 100.0}, {'timestamp': 42, 'value': 1000.0, 'price': 0.0, 'remaining_position': 100.0}, {'timestamp': 43, 'value': 1000.0, 'price': 0.0, 'remaining_position': 100.0}, {'timestamp': 44, 'value': 1000.0, 'price': 0.0, 'remaining_position': 100.0}, {'timestamp': 45, 'value': 1000.0, 'price': 0.0, 'remaining_position': 100.0}, {'timestamp': 46, 'value': 1000.0, 'price': 0.0, 'remaining_position': 100.0}, {'timestamp': 47, 'value': 1000.0, 'price': 0.0, 'remaining_position': 100.0}, {'timestamp': 48, 'value': 1000.0, 'price': 0.0, 'remaining_position': 100.0}, {'timestamp': 49, 'value': 1000.0, 'price': 0.0, 'remaining_position': 100.0}, {'timestamp': 50, 'value': 1000.0, 'price': 0.0, 'remaining_position': 100.0}, {'timestamp': 51, 'value': 1000.0, 'price': 0.0, 'remaining_position': 100.0}, {'timestamp': 52, 'value': 1000.0, 'price': 0.0, 'remaining_position': 100.0}, {'timestamp': 53, 'value': 1000.0, 'price': 0.0, 'remaining_position': 100.0}, {'timestamp': 54, 'value': 1000.0, 'price': 0.0, 'remaining_position': 100.0}, {'timestamp': 55, 'value': 1000.0, 'price': 0.0, 'remaining_position': 100.0}, {'timestamp': 56, 'value': 1000.0, 'price': 0.0, 'remaining_position': 100.0}, {'timestamp': 57, 'value': 1000.0, 'price': 0.0, 'remaining_position': 100.0}, {'timestamp': 58, 'value': 1000.0, 'price': 0.0, 'remaining_position': 100.0}, {'timestamp': 59, 'value': 1000.0, 'price': 0.0, 'remaining_position': 100.0}, {'timestamp': 60, 'value': 1000.0, 'price': 0.0, 'remaining_position': 100.0}, {'timestamp': 61, 'value': 1000.0, 'price': 0.0, 'remaining_position': 100.0}, {'timestamp': 62, 'value': 1000.0, 'price': 0.0, 'remaining_position': 100.0}, {'timestamp': 63, 'value': 1000.0, 'price': 0.0, 'remaining_position': 100.0}, {'timestamp': 64, 'value': 1000.0, 'price': 0.0, 'remaining_position': 100.0}, {'timestamp': 65, 'value': 1000.0, 'price': 0.0, 'remaining_position': 100.0}, {'timestamp': 66, 'value': 1000.0, 'price': 0.0, 'remaining_position': 100.0}, {'timestamp': 67, 'value': 1000.0, 'price': 0.0, 'remaining_position': 100.0}, {'timestamp': 68, 'value': 1000.0, 'price': 0.0, 'remaining_position': 100.0}, {'timestamp': 69, 'value': 1000.0, 'price': 0.0, 'remaining_position': 100.0}, {'timestamp': 70, 'value': 1000.0, 'price': 0.0, 'remaining_position': 100.0}, {'timestamp': 71, 'value': 1000.0, 'price': 0.0, 'remaining_position': 100.0}, {'timestamp': 72, 'value': 1000.0, 'price': 0.0, 'remaining_position': 100.0}, {'timestamp': 73, 'value': 1000.0, 'price': 0.0, 'remaining_position': 100.0}, {'timestamp': 74, 'value': 1000.0, 'price': 0.0, 'remaining_position': 100.0}, {'timestamp': 75, 'value': 1000.0, 'price': 0.0, 'remaining_position': 100.0}, {'timestamp': 76, 'value': 1000.0, 'price': 0.0, 'remaining_position': 100.0}, {'timestamp': 77, 'value': 1000.0, 'price': 0.0, 'remaining_position': 100.0}, {'timestamp': 78, 'value': 1000.0, 'price': 0.0, 'remaining_position': 100.0}, {'timestamp': 79, 'value': 1000.0, 'price': 0.0, 'remaining_position': 100.0}, {'timestamp': 80, 'value': 1000.0, 'price': 0.0, 'remaining_position': 100.0}, {'timestamp': 81, 'value': 1000.0, 'price': 0.0, 'remaining_position': 100.0}, {'timestamp': 82, 'value': 1000.0, 'price': 0.0, 'remaining_position': 100.0}, {'timestamp': 83, 'value': 1000.0, 'price': 0.0, 'remaining_position': 100.0}, {'timestamp': 84, 'value': 1000.0, 'price': 0.0, 'remaining_position': 100.0}, {'timestamp': 85, 'value': 1000.0, 'price': 0.0, 'remaining_position': 100.0}, {'timestamp': 86, 'value': 1000.0, 'price': 0.0, 'remaining_position': 100.0}, {'timestamp': 87, 'value': 1000.0, 'price': 0.0, 'remaining_position': 100.0}, {'timestamp': 88, 'value': 1000.0, 'price': 0.0, 'remaining_position': 100.0}, {'timestamp': 89, 'value': 1000.0, 'price': 0.0, 'remaining_position': 100.0}, {'timestamp': 90, 'value': 1000.0, 'price': 0.0, 'remaining_position': 100.0}, {'timestamp': 91, 'value': 1000.0, 'price': 0.0, 'remaining_position': 100.0}, {'timestamp': 92, 'value': 1000.0, 'price': 0.0, 'remaining_position': 100.0}, {'timestamp': 93, 'value': 1000.0, 'price': 0.0, 'remaining_position': 100.0}, {'timestamp': 94, 'value': 1000.0, 'price': 0.0, 'remaining_position': 100.0}, {'timestamp': 95, 'value': 1000.0, 'price': 0.0, 'remaining_position': 100.0}, {'timestamp': 96, 'value': 1000.0, 'price': 0.0, 'remaining_position': 100.0}, {'timestamp': 97, 'value': 1000.0, 'price': 0.0, 'remaining_position': 100.0}, {'timestamp': 98, 'value': 1000.0, 'price': 0.0, 'remaining_position': 100.0}, {'timestamp': 99, 'value': 1000.0, 'price': 0.0, 'remaining_position': 100.0}, {'timestamp': 100, 'value': 1000.0, 'price': 0.0, 'remaining_position': 100.0}, {'timestamp': 101, 'value': 1000.0, 'price': 0.0, 'remaining_position': 100.0}, {'timestamp': 102, 'value': 1000.0, 'price': 0.0, 'remaining_position': 100.0}, {'timestamp': 103, 'value': 1000.0, 'price': 0.0, 'remaining_position': 100.0}, {'timestamp': 104, 'value': 1000.0, 'price': 0.0, 'remaining_position': 100.0}, {'timestamp': 105, 'value': 1000.0, 'price': 0.0, 'remaining_position': 100.0}, {'timestamp': 106, 'value': 1000.0, 'price': 0.0, 'remaining_position': 100.0}, {'timestamp': 107, 'value': 1000.0, 'price': 0.0, 'remaining_position': 100.0}, {'timestamp': 108, 'value': 1000.0, 'price': 0.0, 'remaining_position': 100.0}, {'timestamp': 109, 'value': 1000.0, 'price': 0.0, 'remaining_position': 100.0}, {'timestamp': 110, 'value': 1000.0, 'price': 0.0, 'remaining_position': 100.0}, {'timestamp': 111, 'value': 1000.0, 'price': 0.0, 'remaining_position': 100.0}, {'timestamp': 112, 'value': 1000.0, 'price': 0.0, 'remaining_position': 100.0}, {'timestamp': 113, 'value': 1000.0, 'price': 0.0, 'remaining_position': 100.0}, {'timestamp': 114, 'value': 1000.0, 'price': 0.0, 'remaining_position': 100.0}, {'timestamp': 115, 'value': 1000.0, 'price': 0.0, 'remaining_position': 100.0}, {'timestamp': 116, 'value': 1000.0, 'price': 0.0, 'remaining_position': 100.0}, {'timestamp': 117, 'value': 1000.0, 'price': 0.0, 'remaining_position': 100.0}, {'timestamp': 118, 'value': 1000.0, 'price': 0.0, 'remaining_position': 100.0}, {'timestamp': 119, 'value': 1000.0, 'price': 0.0, 'remaining_position': 100.0}, {'timestamp': 120, 'value': 1000.0, 'price': 0.0, 'remaining_position': 100.0}, {'timestamp': 121, 'value': 1000.0, 'price': 0.0, 'remaining_position': 100.0}, {'timestamp': 122, 'value': 1000.0, 'price': 0.0, 'remaining_position': 100.0}, {'timestamp': 123, 'value': 1000.0, 'price': 0.0, 'remaining_position': 100.0}, {'timestamp': 124, 'value': 1000.0, 'price': 0.0, 'remaining_position': 100.0}, {'timestamp': 125, 'value': 1000.0, 'price': 0.0, 'remaining_position': 100.0}, {'timestamp': 126, 'value': 1000.0, 'price': 0.0, 'remaining_position': 100.0}, {'timestamp': 127, 'value': 1000.0, 'price': 0.0, 'remaining_position': 100.0}, {'timestamp': 128, 'value': 1000.0, 'price': 0.0, 'remaining_position': 100.0}, {'timestamp': 129, 'value': 1000.0, 'price': 0.0, 'remaining_position': 100.0}, {'timestamp': 130, 'value': 1000.0, 'price': 0.0, 'remaining_position': 100.0}, {'timestamp': 131, 'value': 1000.0, 'price': 0.0, 'remaining_position': 100.0}, {'timestamp': 132, 'value': 1000.0, 'price': 0.0, 'remaining_position': 100.0}, {'timestamp': 133, 'value': 1000.0, 'price': 0.0, 'remaining_position': 100.0}, {'timestamp': 134, 'value': 1000.0, 'price': 0.0, 'remaining_position': 100.0}, {'timestamp': 135, 'value': 1000.0, 'price': 0.0, 'remaining_position': 100.0}, {'timestamp': 136, 'value': 1000.0, 'price': 0.0, 'remaining_position': 100.0}, {'timestamp': 137, 'value': 1000.0, 'price': 0.0, 'remaining_position': 100.0}, {'timestamp': 138, 'value': 1000.0, 'price': 0.0, 'remaining_position': 100.0}, {'timestamp': 139, 'value': 1000.0, 'price': 0.0, 'remaining_position': 100.0}, {'timestamp': 140, 'value': 1000.0, 'price': 0.0, 'remaining_position': 100.0}, {'timestamp': 141, 'value': 1000.0, 'price': 0.0, 'remaining_position': 100.0}, {'timestamp': 142, 'value': 1000.0, 'price': 0.0, 'remaining_position': 100.0}, {'timestamp': 143, 'value': 1000.0, 'price': 0.0, 'remaining_position': 100.0}, {'timestamp': 144, 'value': 1000.0, 'price': 0.0, 'remaining_position': 100.0}, {'timestamp': 145, 'value': 1000.0, 'price': 0.0, 'remaining_position': 100.0}, {'timestamp': 146, 'value': 1000.0, 'price': 0.0, 'remaining_position': 100.0}, {'timestamp': 147, 'value': 1000.0, 'price': 0.0, 'remaining_position': 100.0}, {'timestamp': 148, 'value': 1000.0, 'price': 0.0, 'remaining_position': 100.0}, {'timestamp': 149, 'value': 1000.0, 'price': 0.0, 'remaining_position': 100.0}, {'timestamp': 150, 'value': 1000.0, 'price': 0.0, 'remaining_position': 100.0}, {'timestamp': 151, 'value': 1000.0, 'price': 0.0, 'remaining_position': 100.0}, {'timestamp': 152, 'value': 1000.0, 'price': 0.0, 'remaining_position': 100.0}, {'timestamp': 153, 'value': 1000.0, 'price': 0.0, 'remaining_position': 100.0}, {'timestamp': 154, 'value': 1000.0, 'price': 0.0, 'remaining_position': 100.0}, {'timestamp': 155, 'value': 1000.0, 'price': 0.0, 'remaining_position': 100.0}, {'timestamp': 156, 'value': 1000.0, 'price': 0.0, 'remaining_position': 100.0}, {'timestamp': 157, 'value': 1000.0, 'price': 0.0, 'remaining_position': 100.0}, {'timestamp': 158, 'value': 1000.0, 'price': 0.0, 'remaining_position': 100.0}, {'timestamp': 159, 'value': 1000.0, 'price': 0.0, 'remaining_position': 100.0}, {'timestamp': 160, 'value': 1000.0, 'price': 0.0, 'remaining_position': 100.0}, {'timestamp': 161, 'value': 1000.0, 'price': 0.0, 'remaining_position': 100.0}, {'timestamp': 162, 'value': 1000.0, 'price': 0.0, 'remaining_position': 100.0}, {'timestamp': 163, 'value': 1000.0, 'price': 0.0, 'remaining_position': 100.0}, {'timestamp': 164, 'value': 1000.0, 'price': 0.0, 'remaining_position': 100.0}, {'timestamp': 165, 'value': 1000.0, 'price': 0.0, 'remaining_position': 100.0}, {'timestamp': 166, 'value': 1000.0, 'price': 0.0, 'remaining_position': 100.0}, {'timestamp': 167, 'value': 1000.0, 'price': 0.0, 'remaining_position': 100.0}, {'timestamp': 168, 'value': 1000.0, 'price': 0.0, 'remaining_position': 100.0}, {'timestamp': 169, 'value': 1000.0, 'price': 0.0, 'remaining_position': 100.0}, {'timestamp': 170, 'value': 1000.0, 'price': 0.0, 'remaining_position': 100.0}, {'timestamp': 171, 'value': 1000.0, 'price': 0.0, 'remaining_position': 100.0}, {'timestamp': 172, 'value': 1000.0, 'price': 0.0, 'remaining_position': 100.0}, {'timestamp': 173, 'value': 1000.0, 'price': 0.0, 'remaining_position': 100.0}, {'timestamp': 174, 'value': 1000.0, 'price': 0.0, 'remaining_position': 100.0}, {'timestamp': 175, 'value': 1000.0, 'price': 0.0, 'remaining_position': 100.0}, {'timestamp': 176, 'value': 1000.0, 'price': 0.0, 'remaining_position': 100.0}, {'timestamp': 177, 'value': 1000.0, 'price': 0.0, 'remaining_position': 100.0}, {'timestamp': 178, 'value': 1000.0, 'price': 0.0, 'remaining_position': 100.0}, {'timestamp': 179, 'value': 1000.0, 'price': 0.0, 'remaining_position': 100.0}, {'timestamp': 180, 'value': 1000.0, 'price': 0.0, 'remaining_position': 100.0}, {'timestamp': 181, 'value': 1000.0, 'price': 0.0, 'remaining_position': 100.0}, {'timestamp': 182, 'value': 1000.0, 'price': 0.0, 'remaining_position': 100.0}, {'timestamp': 183, 'value': 1000.0, 'price': 0.0, 'remaining_position': 100.0}, {'timestamp': 184, 'value': 1000.0, 'price': 0.0, 'remaining_position': 100.0}, {'timestamp': 185, 'value': 1000.0, 'price': 0.0, 'remaining_position': 100.0}, {'timestamp': 186, 'value': 1000.0, 'price': 0.0, 'remaining_position': 100.0}, {'timestamp': 187, 'value': 1000.0, 'price': 0.0, 'remaining_position': 100.0}, {'timestamp': 188, 'value': 1000.0, 'price': 0.0, 'remaining_position': 100.0}, {'timestamp': 189, 'value': 1000.0, 'price': 0.0, 'remaining_position': 100.0}, {'timestamp': 190, 'value': 1000.0, 'price': 0.0, 'remaining_position': 100.0}, {'timestamp': 191, 'value': 1000.0, 'price': 0.0, 'remaining_position': 100.0}, {'timestamp': 192, 'value': 1000.0, 'price': 0.0, 'remaining_position': 100.0}, {'timestamp': 193, 'value': 1000.0, 'price': 0.0, 'remaining_position': 100.0}, {'timestamp': 194, 'value': 1000.0, 'price': 0.0, 'remaining_position': 100.0}, {'timestamp': 195, 'value': 1000.0, 'price': 0.0, 'remaining_position': 100.0}, {'timestamp': 196, 'value': 1000.0, 'price': 0.0, 'remaining_position': 100.0}, {'timestamp': 197, 'value': 1000.0, 'price': 0.0, 'remaining_position': 100.0}, {'timestamp': 198, 'value': 1000.0, 'price': 0.0, 'remaining_position': 100.0}, {'timestamp': 199, 'value': 1000.0, 'price': 0.0, 'remaining_position': 100.0}, {'timestamp': 1749547823, 'value': 1031.88, 'price': 0.0, 'remaining_position': 100.0}]}
2025-06-10 03:30:23,460 - INFO - Completed simulation for 2 tokens
2025-06-10 03:30:35,638 - INFO - Health check endpoint called
2025-06-16 12:35:02,004 - INFO - ============================================================
2025-06-16 12:35:02,004 - INFO - Starting FastAPI server with ladder TP/SL support
2025-06-16 12:35:02,004 - INFO - ============================================================
2025-06-16 12:35:02,004 - WARNING - Numba unavailable – falling back to pure-Python back-tester (No module named 'numba')
2025-06-16 12:42:47,846 - INFO - ============================================================
2025-06-16 12:42:47,846 - INFO - Starting FastAPI server with ladder TP/SL support
2025-06-16 12:42:47,846 - INFO - ============================================================
2025-06-16 12:45:02,202 - INFO - ============================================================
2025-06-16 12:45:02,202 - INFO - Starting FastAPI server with ladder TP/SL support
2025-06-16 12:45:02,202 - INFO - ============================================================
2025-06-16 12:45:53,067 - INFO - ============================================================
2025-06-16 12:45:53,067 - INFO - Starting FastAPI server with ladder TP/SL support
2025-06-16 12:45:53,067 - INFO - ============================================================
2025-06-16 12:45:58,360 - INFO - ============================================================
2025-06-16 12:45:58,360 - INFO - Starting FastAPI server with ladder TP/SL support
2025-06-16 12:45:58,360 - INFO - ============================================================
2025-06-16 12:46:02,470 - INFO - ============================================================
2025-06-16 12:46:02,470 - INFO - Starting FastAPI server with ladder TP/SL support
2025-06-16 12:46:02,470 - INFO - ============================================================
2025-06-16 12:46:11,079 - INFO - ============================================================
2025-06-16 12:46:11,079 - INFO - Starting FastAPI server with ladder TP/SL support
2025-06-16 12:46:11,079 - INFO - ============================================================
2025-06-16 12:46:14,930 - INFO - ============================================================
2025-06-16 12:46:14,930 - INFO - Starting FastAPI server with ladder TP/SL support
2025-06-16 12:46:14,930 - INFO - ============================================================
2025-06-16 12:47:53,732 - ERROR - token So11111111111111111111111111111111111111112 failed
Traceback (most recent call last):
  File "C:\Users\alexj\OneDrive\Desktop\traderRanker\main.py", line 362, in simulate
    _, items = await fetch_history_price(session, mint, start_ts)
    ^^^^^^^^
TypeError: cannot unpack non-iterable NoneType object
2025-06-16 12:48:20,917 - ERROR - token 7GCihgDB8fe6KNjn2MYtkzZcRjQy3t9GHdC8uHYmW2hr failed
Traceback (most recent call last):
  File "C:\Users\alexj\OneDrive\Desktop\traderRanker\main.py", line 362, in simulate
    _, items = await fetch_history_price(session, mint, start_ts)
    ^^^^^^^^
TypeError: cannot unpack non-iterable NoneType object
2025-06-16 12:50:39,712 - INFO - ============================================================
2025-06-16 12:50:39,712 - INFO - Starting FastAPI server with ladder TP/SL support
2025-06-16 12:50:39,715 - INFO - ============================================================
2025-06-16 12:50:48,977 - ERROR - token 7GCihgDB8fe6KNjn2MYtkzZcRjQy3t9GHdC8uHYmW2hr failed
Traceback (most recent call last):
  File "C:\Users\alexj\OneDrive\Desktop\traderRanker\main.py", line 363, in simulate
    res = await fetch_history_price(session, mint, start_ts, req.timeframe_minutes)
                ^^^^^^^^^^^^^^^^^^^^^^^^^^^^^^^^^^^^^^^^^^^^^^^^^^^^^^^^^^^^^^^^^^^
TypeError: fetch_history_price() takes 3 positional arguments but 4 were given
2025-06-16 12:50:51,816 - ERROR - token 7GCihgDB8fe6KNjn2MYtkzZcRjQy3t9GHdC8uHYmW2hr failed
Traceback (most recent call last):
  File "C:\Users\alexj\OneDrive\Desktop\traderRanker\main.py", line 363, in simulate
    res = await fetch_history_price(session, mint, start_ts, req.timeframe_minutes)
                ^^^^^^^^^^^^^^^^^^^^^^^^^^^^^^^^^^^^^^^^^^^^^^^^^^^^^^^^^^^^^^^^^^^
TypeError: fetch_history_price() takes 3 positional arguments but 4 were given
2025-06-16 12:52:11,417 - INFO - ============================================================
2025-06-16 12:52:11,417 - INFO - Starting FastAPI server with ladder TP/SL support
2025-06-16 12:52:11,417 - INFO - ============================================================
2025-06-16 12:55:26,191 - INFO - ============================================================
2025-06-16 12:55:26,193 - INFO - Starting FastAPI server with ladder TP/SL support
2025-06-16 12:55:26,193 - INFO - ============================================================
2025-06-16 12:56:51,930 - INFO - ============================================================
2025-06-16 12:56:51,930 - INFO - Starting FastAPI server with ladder TP/SL support
2025-06-16 12:56:51,930 - INFO - ============================================================
2025-06-16 13:02:32,073 - INFO - ============================================================
2025-06-16 13:02:32,076 - INFO - Starting FastAPI server with ladder TP/SL support
2025-06-16 13:02:32,076 - INFO - ============================================================
2025-06-16 13:02:40,114 - ERROR - token FRhB8L7Y9Qq41qZXYLtC2nw8An1RJfLLxRF2x9RwLLMo failed
Traceback (most recent call last):
  File "C:\Users\alexj\OneDrive\Desktop\traderRanker\main.py", line 545, in simulate
    res = await fetch_history_price(session, mint, start_ts)
                ^^^^^^^^^^^^^^^^^^^^^^^^^^^^^^^^^^^^^^^^^^^^
TypeError: fetch_history_price() missing 1 required positional argument: 'timeframe_minutes'
2025-06-16 13:03:00,493 - INFO - ============================================================
2025-06-16 13:03:00,493 - INFO - Starting FastAPI server with ladder TP/SL support
2025-06-16 13:03:00,493 - INFO - ============================================================
2025-06-16 13:03:02,464 - INFO - Fetching price history for FRhB8L7Y9Qq41qZXYLtC2nw8An1RJfLLxRF2x9RwLLMo from 1749862982 to 1750100580
2025-06-16 13:03:02,962 - ERROR - No price data in response for FRhB8L7Y9Qq41qZXYLtC2nw8An1RJfLLxRF2x9RwLLMo. Full response: {'data': {'items': []}, 'success': True}
2025-06-16 13:03:33,617 - INFO - Fetching price history for 7GCihgDB8fe6KNjn2MYtkzZcRjQy3t9GHdC8uHYmW2hr from 1749863013 to 1750100580
2025-06-16 13:03:34,469 - INFO - Successfully retrieved 1000 valid price points for 7GCihgDB8fe6KNjn2MYtkzZcRjQy3t9GHdC8uHYmW2hr
2025-06-16 13:03:34,518 - INFO - Built OHLC data with shape: (201, 6)
2025-06-16 13:03:34,786 - INFO - Birdeye API response for 7GCihgDB8fe6KNjn2MYtkzZcRjQy3t9GHdC8uHYmW2hr: Status=429, Response={"success":false,"message":"Too many requests"}
2025-06-16 13:03:34,786 - WARNING - Rate limit hit for 7GCihgDB8fe6KNjn2MYtkzZcRjQy3t9GHdC8uHYmW2hr, waiting 2s before retry
2025-06-16 13:03:37,178 - INFO - Birdeye API response for 7GCihgDB8fe6KNjn2MYtkzZcRjQy3t9GHdC8uHYmW2hr: Status=200, Response={"data":{"items":[{"unixTime":1750100520,"value":0.3412400813138807},{"unixTime":1750100580,"value":0.3412400813138807}]},"success":true}
2025-06-16 13:03:37,178 - INFO - Current price for 7GCihgDB8fe6KNjn2MYtkzZcRjQy3t9GHdC8uHYmW2hr: 0.3412400813138807
2025-06-16 13:05:54,954 - INFO - ============================================================
2025-06-16 13:05:54,954 - INFO - Starting FastAPI server with ladder TP/SL support
2025-06-16 13:05:54,954 - INFO - ============================================================
2025-06-16 13:06:14,972 - INFO - Fetching price history for 7GCihgDB8fe6KNjn2MYtkzZcRjQy3t9GHdC8uHYmW2hr from 1749863174 to 1750100760
2025-06-16 13:06:15,906 - INFO - Successfully retrieved 1000 valid price points for 7GCihgDB8fe6KNjn2MYtkzZcRjQy3t9GHdC8uHYmW2hr
2025-06-16 13:06:15,938 - INFO - Built OHLC data with shape: (201, 6)
2025-06-16 13:06:16,200 - INFO - Birdeye API response for 7GCihgDB8fe6KNjn2MYtkzZcRjQy3t9GHdC8uHYmW2hr: Status=429, Response={"success":false,"message":"Too many requests"}
2025-06-16 13:06:16,200 - WARNING - Rate limit hit for 7GCihgDB8fe6KNjn2MYtkzZcRjQy3t9GHdC8uHYmW2hr, waiting 2s before retry
2025-06-16 13:06:18,517 - INFO - Birdeye API response for 7GCihgDB8fe6KNjn2MYtkzZcRjQy3t9GHdC8uHYmW2hr: Status=200, Response={"data":{"items":[{"unixTime":1750100700,"value":0.3395819530962411},{"unixTime":1750100760,"value":0.3395819530962411}]},"success":true}
2025-06-16 13:06:18,517 - INFO - Current price for 7GCihgDB8fe6KNjn2MYtkzZcRjQy3t9GHdC8uHYmW2hr: 0.3395819530962411
2025-06-16 13:22:31,704 - INFO - ============================================================
2025-06-16 13:22:31,704 - INFO - Starting FastAPI server with ladder TP/SL support
2025-06-16 13:22:31,704 - INFO - ============================================================
2025-06-16 13:24:37,114 - INFO - ============================================================
2025-06-16 13:24:37,114 - INFO - Starting FastAPI server with ladder TP/SL support
2025-06-16 13:24:37,114 - INFO - ============================================================
2025-06-16 13:26:30,910 - INFO - ============================================================
2025-06-16 13:26:30,910 - INFO - Starting FastAPI server with ladder TP/SL support
2025-06-16 13:26:30,910 - INFO - ============================================================
2025-06-16 13:28:51,770 - INFO - ============================================================
2025-06-16 13:28:51,770 - INFO - Starting FastAPI server with ladder TP/SL support
2025-06-16 13:28:51,771 - INFO - ============================================================
2025-06-16 13:29:02,189 - INFO - ============================================================
2025-06-16 13:29:02,189 - INFO - Starting FastAPI server with ladder TP/SL support
2025-06-16 13:29:02,196 - INFO - ============================================================
2025-06-16 13:29:23,804 - INFO - Fetching price history for 7GCihgDB8fe6KNjn2MYtkzZcRjQy3t9GHdC8uHYmW2hr from 1749864563 to 1750102140
2025-06-16 13:29:24,288 - INFO - Birdeye API response for 7GCihgDB8fe6KNjn2MYtkzZcRjQy3t9GHdC8uHYmW2hr: Status=429, Response={"success":false,"message":"Too many requests"}
2025-06-16 13:29:24,288 - WARNING - Rate limit hit for 7GCihgDB8fe6KNjn2MYtkzZcRjQy3t9GHdC8uHYmW2hr, waiting 2s before retry
2025-06-16 13:29:24,780 - INFO - Successfully retrieved 1000 valid price points for 7GCihgDB8fe6KNjn2MYtkzZcRjQy3t9GHdC8uHYmW2hr
2025-06-16 13:29:24,796 - INFO - Built OHLC data with shape: (200, 6)
2025-06-16 13:29:26,604 - INFO - Birdeye API response for 7GCihgDB8fe6KNjn2MYtkzZcRjQy3t9GHdC8uHYmW2hr: Status=200, Response={"data":{"items":[{"unixTime":1750102080,"value":0.34536116309339476},{"unixTime":1750102140,"value":0.34536116309339476}]},"success":true}
2025-06-16 13:29:26,605 - INFO - Current price for 7GCihgDB8fe6KNjn2MYtkzZcRjQy3t9GHdC8uHYmW2hr: 0.34536116309339476
2025-06-16 13:29:26,605 - ERROR - simulation for 7GCihgDB8fe6KNjn2MYtkzZcRjQy3t9GHdC8uHYmW2hr failed
Traceback (most recent call last):
  File "C:\Users\alexj\OneDrive\Desktop\traderRanker\main.py", line 746, in simulate
    sim = run_simulation_with_ledger(
          ^^^^^^^^^^^^^^^^^^^^^^^^^^^
  File "C:\Users\alexj\OneDrive\Desktop\traderRanker\main.py", line 600, in run_simulation_with_ledger
    PositionPoint(
  File "pydantic\\main.py", line 347, in pydantic.main.BaseModel.__init__
pydantic.error_wrappers.ValidationError: 2 validation errors for PositionPoint
value
  field required (type=value_error.missing)
coins_held
  field required (type=value_error.missing)
2025-06-16 13:48:47,213 - INFO - ============================================================
2025-06-16 13:48:47,213 - INFO - Starting FastAPI server with ladder TP/SL support
2025-06-16 13:48:47,229 - INFO - ============================================================
2025-06-16 13:48:50,272 - INFO - Fetching price history for 7GCihgDB8fe6KNjn2MYtkzZcRjQy3t9GHdC8uHYmW2hr from 1749865730 to 1750103280
2025-06-16 13:48:50,791 - INFO - Birdeye API response for 7GCihgDB8fe6KNjn2MYtkzZcRjQy3t9GHdC8uHYmW2hr: Status=200, Response={"data":{"items":[{"unixTime":1750103220,"value":0.3373055214779442},{"unixTime":1750103280,"value":0.3373055214779442}]},"success":true}
2025-06-16 13:48:50,792 - INFO - Current price for 7GCihgDB8fe6KNjn2MYtkzZcRjQy3t9GHdC8uHYmW2hr: 0.3373055214779442
2025-06-16 13:48:51,033 - ERROR - Failed to fetch price history for 7GCihgDB8fe6KNjn2MYtkzZcRjQy3t9GHdC8uHYmW2hr. Status: 429, Response: {"success":false,"message":"Too many requests"}
2025-06-16 13:48:51,033 - ERROR - Error fetching price history for 7GCihgDB8fe6KNjn2MYtkzZcRjQy3t9GHdC8uHYmW2hr: 429, message='{"success":false,"message":"Too many requests"}', url='https://public-api.birdeye.so/defi/history_price?address=7GCihgDB8fe6KNjn2MYtkzZcRjQy3t9GHdC8uHYmW2hr&address_type=token&type=1m&time_from=1749865730&time_to=1750103280'
Traceback (most recent call last):
  File "C:\Users\alexj\OneDrive\Desktop\traderRanker\main.py", line 236, in fetch_history_price
    raise aiohttp.ClientResponseError(
aiohttp.client_exceptions.ClientResponseError: 429, message='{"success":false,"message":"Too many requests"}', url='https://public-api.birdeye.so/defi/history_price?address=7GCihgDB8fe6KNjn2MYtkzZcRjQy3t9GHdC8uHYmW2hr&address_type=token&type=1m&time_from=1749865730&time_to=1750103280'
2025-06-16 13:48:53,877 - INFO - Successfully retrieved 1000 valid price points for 7GCihgDB8fe6KNjn2MYtkzZcRjQy3t9GHdC8uHYmW2hr
2025-06-16 13:48:53,884 - INFO - Built OHLC data with shape: (201, 6)
2025-06-16 13:48:53,884 - ERROR - simulation for 7GCihgDB8fe6KNjn2MYtkzZcRjQy3t9GHdC8uHYmW2hr failed
Traceback (most recent call last):
  File "C:\Users\alexj\OneDrive\Desktop\traderRanker\main.py", line 746, in simulate
    sim = run_simulation_with_ledger(
          ^^^^^^^^^^^^^^^^^^^^^^^^^^^
  File "C:\Users\alexj\OneDrive\Desktop\traderRanker\main.py", line 600, in run_simulation_with_ledger
    PositionPoint(
  File "pydantic\\main.py", line 347, in pydantic.main.BaseModel.__init__
pydantic.error_wrappers.ValidationError: 2 validation errors for PositionPoint
value
  field required (type=value_error.missing)
coins_held
  field required (type=value_error.missing)
2025-06-16 13:51:19,308 - INFO - ============================================================
2025-06-16 13:51:19,316 - INFO - Starting FastAPI server with ladder TP/SL support
2025-06-16 13:51:19,316 - INFO - ============================================================
2025-06-16 13:51:24,877 - INFO - Fetching price history for 7GCihgDB8fe6KNjn2MYtkzZcRjQy3t9GHdC8uHYmW2hr from 1749865884 to 1750103460
2025-06-16 13:51:25,622 - INFO - Birdeye API response for 7GCihgDB8fe6KNjn2MYtkzZcRjQy3t9GHdC8uHYmW2hr: Status=429, Response={"success":false,"message":"Too many requests"}
2025-06-16 13:51:25,622 - WARNING - Rate limit hit for 7GCihgDB8fe6KNjn2MYtkzZcRjQy3t9GHdC8uHYmW2hr, waiting 2s before retry
2025-06-16 13:51:25,919 - INFO - Successfully retrieved 1000 valid price points for 7GCihgDB8fe6KNjn2MYtkzZcRjQy3t9GHdC8uHYmW2hr
2025-06-16 13:51:25,927 - INFO - Built OHLC data with shape: (201, 6)
2025-06-16 13:51:27,994 - INFO - Birdeye API response for 7GCihgDB8fe6KNjn2MYtkzZcRjQy3t9GHdC8uHYmW2hr: Status=200, Response={"data":{"items":[{"unixTime":1750103400,"value":0.3373055214779442},{"unixTime":1750103460,"value":0.3373055214779442}]},"success":true}
2025-06-16 13:51:27,994 - INFO - Current price for 7GCihgDB8fe6KNjn2MYtkzZcRjQy3t9GHdC8uHYmW2hr: 0.3373055214779442
2025-06-16 13:51:27,994 - ERROR - simulation for 7GCihgDB8fe6KNjn2MYtkzZcRjQy3t9GHdC8uHYmW2hr failed
Traceback (most recent call last):
  File "C:\Users\alexj\OneDrive\Desktop\traderRanker\main.py", line 743, in simulate
    sim = run_simulation_with_ledger(
          ^^^^^^^^^^^^^^^^^^^^^^^^^^^
  File "C:\Users\alexj\OneDrive\Desktop\traderRanker\main.py", line 600, in run_simulation_with_ledger
    PositionPoint(
  File "pydantic\\main.py", line 347, in pydantic.main.BaseModel.__init__
pydantic.error_wrappers.ValidationError: 1 validation error for PositionPoint
value
  field required (type=value_error.missing)
2025-06-16 13:52:01,301 - INFO - ============================================================
2025-06-16 13:52:01,301 - INFO - Starting FastAPI server with ladder TP/SL support
2025-06-16 13:52:01,301 - INFO - ============================================================
2025-06-16 13:52:04,855 - INFO - Fetching price history for 7GCihgDB8fe6KNjn2MYtkzZcRjQy3t9GHdC8uHYmW2hr from 1749865924 to 1750103520
2025-06-16 13:52:05,236 - INFO - Birdeye API response for 7GCihgDB8fe6KNjn2MYtkzZcRjQy3t9GHdC8uHYmW2hr: Status=429, Response={"success":false,"message":"Too many requests"}
2025-06-16 13:52:05,237 - WARNING - Rate limit hit for 7GCihgDB8fe6KNjn2MYtkzZcRjQy3t9GHdC8uHYmW2hr, waiting 2s before retry
2025-06-16 13:52:05,712 - INFO - Successfully retrieved 1000 valid price points for 7GCihgDB8fe6KNjn2MYtkzZcRjQy3t9GHdC8uHYmW2hr
2025-06-16 13:52:05,720 - INFO - Built OHLC data with shape: (201, 6)
2025-06-16 13:52:07,633 - INFO - Birdeye API response for 7GCihgDB8fe6KNjn2MYtkzZcRjQy3t9GHdC8uHYmW2hr: Status=200, Response={"data":{"items":[{"unixTime":1750103460,"value":0.3373055214779442},{"unixTime":1750103520,"value":0.3373055214779442}]},"success":true}
2025-06-16 13:52:07,634 - INFO - Current price for 7GCihgDB8fe6KNjn2MYtkzZcRjQy3t9GHdC8uHYmW2hr: 0.3373055214779442
2025-06-16 13:52:07,634 - ERROR - simulation for 7GCihgDB8fe6KNjn2MYtkzZcRjQy3t9GHdC8uHYmW2hr failed
Traceback (most recent call last):
  File "C:\Users\alexj\OneDrive\Desktop\traderRanker\main.py", line 743, in simulate
    sim = run_simulation_with_ledger(
          ^^^^^^^^^^^^^^^^^^^^^^^^^^^
  File "C:\Users\alexj\OneDrive\Desktop\traderRanker\main.py", line 620, in run_simulation_with_ledger
    PositionPoint(
  File "pydantic\\main.py", line 347, in pydantic.main.BaseModel.__init__
pydantic.error_wrappers.ValidationError: 2 validation errors for PositionPoint
value
  field required (type=value_error.missing)
coins_held
  field required (type=value_error.missing)
2025-06-16 13:53:29,859 - INFO - ============================================================
2025-06-16 13:53:29,859 - INFO - Starting FastAPI server with ladder TP/SL support
2025-06-16 13:53:29,859 - INFO - ============================================================
2025-06-16 13:53:34,821 - INFO - Fetching price history for 7GCihgDB8fe6KNjn2MYtkzZcRjQy3t9GHdC8uHYmW2hr from 1749866014 to 1750103580
2025-06-16 13:53:35,507 - ERROR - Failed to fetch price history for 7GCihgDB8fe6KNjn2MYtkzZcRjQy3t9GHdC8uHYmW2hr. Status: 429, Response: {"success":false,"message":"Too many requests"}
2025-06-16 13:53:35,507 - ERROR - Error fetching price history for 7GCihgDB8fe6KNjn2MYtkzZcRjQy3t9GHdC8uHYmW2hr: 429, message='{"success":false,"message":"Too many requests"}', url='https://public-api.birdeye.so/defi/history_price?address=7GCihgDB8fe6KNjn2MYtkzZcRjQy3t9GHdC8uHYmW2hr&address_type=token&type=1m&time_from=1749866014&time_to=1750103580'
Traceback (most recent call last):
  File "C:\Users\alexj\OneDrive\Desktop\traderRanker\main.py", line 236, in fetch_history_price
    raise aiohttp.ClientResponseError(
aiohttp.client_exceptions.ClientResponseError: 429, message='{"success":false,"message":"Too many requests"}', url='https://public-api.birdeye.so/defi/history_price?address=7GCihgDB8fe6KNjn2MYtkzZcRjQy3t9GHdC8uHYmW2hr&address_type=token&type=1m&time_from=1749866014&time_to=1750103580'
2025-06-16 13:53:35,564 - INFO - Birdeye API response for 7GCihgDB8fe6KNjn2MYtkzZcRjQy3t9GHdC8uHYmW2hr: Status=200, Response={"data":{"items":[{"unixTime":1750103520,"value":0.3373055214779442},{"unixTime":1750103580,"value":0.3373055214779442}]},"success":true}
2025-06-16 13:53:35,564 - INFO - Current price for 7GCihgDB8fe6KNjn2MYtkzZcRjQy3t9GHdC8uHYmW2hr: 0.3373055214779442
2025-06-16 13:53:38,231 - INFO - Successfully retrieved 1000 valid price points for 7GCihgDB8fe6KNjn2MYtkzZcRjQy3t9GHdC8uHYmW2hr
2025-06-16 13:53:38,238 - INFO - Built OHLC data with shape: (201, 6)
2025-06-16 13:53:38,242 - ERROR - simulation for 7GCihgDB8fe6KNjn2MYtkzZcRjQy3t9GHdC8uHYmW2hr failed
Traceback (most recent call last):
  File "C:\Users\alexj\OneDrive\Desktop\traderRanker\main.py", line 743, in simulate
    sim = run_simulation_with_ledger(
          ^^^^^^^^^^^^^^^^^^^^^^^^^^^
  File "C:\Users\alexj\OneDrive\Desktop\traderRanker\main.py", line 620, in run_simulation_with_ledger
    PositionPoint(
  File "pydantic\\main.py", line 347, in pydantic.main.BaseModel.__init__
pydantic.error_wrappers.ValidationError: 2 validation errors for PositionPoint
value
  field required (type=value_error.missing)
coins_held
  field required (type=value_error.missing)
2025-06-16 13:54:33,096 - INFO - ============================================================
2025-06-16 13:54:33,096 - INFO - Starting FastAPI server with ladder TP/SL support
2025-06-16 13:54:33,096 - INFO - ============================================================
2025-06-16 13:58:39,630 - INFO - ============================================================
2025-06-16 13:58:39,630 - INFO - Starting FastAPI server with ladder TP/SL support
2025-06-16 13:58:39,630 - INFO - ============================================================
2025-06-16 13:58:44,030 - INFO - ============================================================
2025-06-16 13:58:44,030 - INFO - Starting FastAPI server with ladder TP/SL support
2025-06-16 13:58:44,031 - INFO - ============================================================
2025-06-16 13:58:51,149 - INFO - Fetching price history for 7GCihgDB8fe6KNjn2MYtkzZcRjQy3t9GHdC8uHYmW2hr from 1749866331 to 1750103880
2025-06-16 13:58:51,640 - INFO - Birdeye API response for 7GCihgDB8fe6KNjn2MYtkzZcRjQy3t9GHdC8uHYmW2hr: Status=429, Response={"success":false,"message":"Too many requests"}
2025-06-16 13:58:51,640 - WARNING - Rate limit hit for 7GCihgDB8fe6KNjn2MYtkzZcRjQy3t9GHdC8uHYmW2hr, waiting 2s before retry
2025-06-16 13:58:52,132 - INFO - Successfully retrieved 1000 valid price points for 7GCihgDB8fe6KNjn2MYtkzZcRjQy3t9GHdC8uHYmW2hr
2025-06-16 13:58:52,132 - INFO - Built OHLC data with shape: (201, 6)
2025-06-16 13:58:54,032 - INFO - Birdeye API response for 7GCihgDB8fe6KNjn2MYtkzZcRjQy3t9GHdC8uHYmW2hr: Status=200, Response={"data":{"items":[{"unixTime":1750103820,"value":0.3372252573950644},{"unixTime":1750103880,"value":0.3372252573950644}]},"success":true}
2025-06-16 13:58:54,032 - INFO - Current price for 7GCihgDB8fe6KNjn2MYtkzZcRjQy3t9GHdC8uHYmW2hr: 0.3372252573950644
2025-06-16 13:58:54,032 - ERROR - simulation for 7GCihgDB8fe6KNjn2MYtkzZcRjQy3t9GHdC8uHYmW2hr failed
Traceback (most recent call last):
  File "C:\Users\alexj\OneDrive\Desktop\traderRanker\main.py", line 743, in simulate
    sim = run_simulation_with_ledger(
          ^^^^^^^^^^^^^^^^^^^^^^^^^^^
  File "C:\Users\alexj\OneDrive\Desktop\traderRanker\main.py", line 638, in run_simulation_with_ledger
    ledger=[pt.to_dict() for pt in ledger],
           ^^^^^^^^^^^^^^^^^^^^^^^^^^^^^^^
  File "C:\Users\alexj\OneDrive\Desktop\traderRanker\main.py", line 638, in <listcomp>
    ledger=[pt.to_dict() for pt in ledger],
            ^^^^^^^^^^
AttributeError: 'PositionPoint' object has no attribute 'to_dict'
2025-06-16 14:02:18,080 - INFO - ============================================================
2025-06-16 14:02:18,085 - INFO - Starting FastAPI server with ladder TP/SL support
2025-06-16 14:02:18,085 - INFO - ============================================================
2025-06-16 14:03:42,012 - INFO - ============================================================
2025-06-16 14:03:42,012 - INFO - Starting FastAPI server with ladder TP/SL support
2025-06-16 14:03:42,012 - INFO - ============================================================
2025-06-16 14:03:56,945 - INFO - ============================================================
2025-06-16 14:03:56,951 - INFO - Starting FastAPI server with ladder TP/SL support
2025-06-16 14:03:56,951 - INFO - ============================================================
2025-06-16 14:04:11,242 - INFO - Fetching price history for 7GCihgDB8fe6KNjn2MYtkzZcRjQy3t9GHdC8uHYmW2hr from 1749866651 to 1750104240
2025-06-16 14:04:11,740 - ERROR - Failed to fetch price history for 7GCihgDB8fe6KNjn2MYtkzZcRjQy3t9GHdC8uHYmW2hr. Status: 429, Response: {"success":false,"message":"Too many requests"}
2025-06-16 14:04:11,740 - ERROR - Error fetching price history for 7GCihgDB8fe6KNjn2MYtkzZcRjQy3t9GHdC8uHYmW2hr: 429, message='{"success":false,"message":"Too many requests"}', url='https://public-api.birdeye.so/defi/history_price?address=7GCihgDB8fe6KNjn2MYtkzZcRjQy3t9GHdC8uHYmW2hr&address_type=token&type=1m&time_from=1749866651&time_to=1750104240'
Traceback (most recent call last):
  File "C:\Users\alexj\OneDrive\Desktop\traderRanker\main.py", line 236, in fetch_history_price
    raise aiohttp.ClientResponseError(
aiohttp.client_exceptions.ClientResponseError: 429, message='{"success":false,"message":"Too many requests"}', url='https://public-api.birdeye.so/defi/history_price?address=7GCihgDB8fe6KNjn2MYtkzZcRjQy3t9GHdC8uHYmW2hr&address_type=token&type=1m&time_from=1749866651&time_to=1750104240'
2025-06-16 14:04:11,830 - INFO - Birdeye API response for 7GCihgDB8fe6KNjn2MYtkzZcRjQy3t9GHdC8uHYmW2hr: Status=200, Response={"data":{"items":[{"unixTime":1750104180,"value":0.3367068769516397},{"unixTime":1750104240,"value":0.33666787868542597}]},"success":true}
2025-06-16 14:04:11,830 - INFO - Current price for 7GCihgDB8fe6KNjn2MYtkzZcRjQy3t9GHdC8uHYmW2hr: 0.33666787868542597
2025-06-16 14:04:14,439 - INFO - Successfully retrieved 1000 valid price points for 7GCihgDB8fe6KNjn2MYtkzZcRjQy3t9GHdC8uHYmW2hr
2025-06-16 14:04:14,439 - INFO - Built OHLC data with shape: (200, 6)
2025-06-16 14:04:14,439 - ERROR - simulation for 7GCihgDB8fe6KNjn2MYtkzZcRjQy3t9GHdC8uHYmW2hr failed
Traceback (most recent call last):
  File "C:\Users\alexj\OneDrive\Desktop\traderRanker\main.py", line 750, in simulate
    sim = run_simulation_with_ledger(
          ^^^^^^^^^^^^^^^^^^^^^^^^^^^
  File "C:\Users\alexj\OneDrive\Desktop\traderRanker\main.py", line 646, in run_simulation_with_ledger
    unrealized_profit=round(ledger[-1].unrealized, 6),
                            ^^^^^^^^^^^^^^^^^^^^^
AttributeError: 'dict' object has no attribute 'unrealized'
2025-06-16 14:06:24,903 - INFO - ============================================================
2025-06-16 14:06:24,904 - INFO - Starting FastAPI server with ladder TP/SL support
2025-06-16 14:06:24,905 - INFO - ============================================================
2025-06-16 14:06:31,236 - INFO - Fetching price history for 7GCihgDB8fe6KNjn2MYtkzZcRjQy3t9GHdC8uHYmW2hr from 1749866791 to 1750104360
2025-06-16 14:06:31,632 - INFO - Birdeye API response for 7GCihgDB8fe6KNjn2MYtkzZcRjQy3t9GHdC8uHYmW2hr: Status=429, Response={"success":false,"message":"Too many requests"}
2025-06-16 14:06:31,633 - WARNING - Rate limit hit for 7GCihgDB8fe6KNjn2MYtkzZcRjQy3t9GHdC8uHYmW2hr, waiting 2s before retry
2025-06-16 14:06:32,053 - INFO - Successfully retrieved 1000 valid price points for 7GCihgDB8fe6KNjn2MYtkzZcRjQy3t9GHdC8uHYmW2hr
2025-06-16 14:06:32,060 - INFO - Built OHLC data with shape: (201, 6)
2025-06-16 14:06:33,992 - INFO - Birdeye API response for 7GCihgDB8fe6KNjn2MYtkzZcRjQy3t9GHdC8uHYmW2hr: Status=200, Response={"data":{"items":[{"unixTime":1750104300,"value":0.33666001336055335},{"unixTime":1750104360,"value":0.33666001336055335}]},"success":true}
2025-06-16 14:06:33,993 - INFO - Current price for 7GCihgDB8fe6KNjn2MYtkzZcRjQy3t9GHdC8uHYmW2hr: 0.33666001336055335
2025-06-17 01:00:42,749 - INFO - ============================================================
2025-06-17 01:00:42,749 - INFO - Starting FastAPI server with ladder TP/SL support
2025-06-17 01:00:42,750 - INFO - ============================================================
2025-06-17 01:06:43,061 - INFO - Fetching price history for 68qjXgdWrgERGCzArxZXKHcLPK5eKEU5b7DdtarREKgb from 1749906403 to 1750143960
2025-06-17 01:06:43,439 - ERROR - Failed to fetch price history for 68qjXgdWrgERGCzArxZXKHcLPK5eKEU5b7DdtarREKgb. Status: 429, Response: {"success":false,"message":"Too many requests"}
2025-06-17 01:06:43,440 - ERROR - Error fetching price history for 68qjXgdWrgERGCzArxZXKHcLPK5eKEU5b7DdtarREKgb: 429, message='{"success":false,"message":"Too many requests"}', url='https://public-api.birdeye.so/defi/history_price?address=68qjXgdWrgERGCzArxZXKHcLPK5eKEU5b7DdtarREKgb&address_type=token&type=1m&time_from=1749906403&time_to=1750143960'
Traceback (most recent call last):
  File "C:\Users\alexj\OneDrive\Desktop\traderRanker\main.py", line 239, in fetch_history_price
    raise aiohttp.ClientResponseError(
aiohttp.client_exceptions.ClientResponseError: 429, message='{"success":false,"message":"Too many requests"}', url='https://public-api.birdeye.so/defi/history_price?address=68qjXgdWrgERGCzArxZXKHcLPK5eKEU5b7DdtarREKgb&address_type=token&type=1m&time_from=1749906403&time_to=1750143960'
2025-06-17 01:06:43,540 - INFO - Birdeye API response for 68qjXgdWrgERGCzArxZXKHcLPK5eKEU5b7DdtarREKgb: Status=200, Response={"data":{"items":[]},"success":true}
2025-06-17 01:06:43,540 - ERROR - No price data in response for 68qjXgdWrgERGCzArxZXKHcLPK5eKEU5b7DdtarREKgb. Full response: {'data': {'items': []}, 'success': True}
2025-06-17 01:06:45,731 - ERROR - No price data in response for 68qjXgdWrgERGCzArxZXKHcLPK5eKEU5b7DdtarREKgb. Full response: {'data': {'items': []}, 'success': True}
2025-06-17 01:07:05,392 - INFO - Fetching price history for 68qjXgdWrgERGCzArxZXKHcLPK5eKEU5b7DdtarREKgb from 1749906425 to 1750144020
2025-06-17 01:07:05,696 - ERROR - Failed to fetch price history for 68qjXgdWrgERGCzArxZXKHcLPK5eKEU5b7DdtarREKgb. Status: 429, Response: {"success":false,"message":"Too many requests"}
2025-06-17 01:07:05,697 - ERROR - Error fetching price history for 68qjXgdWrgERGCzArxZXKHcLPK5eKEU5b7DdtarREKgb: 429, message='{"success":false,"message":"Too many requests"}', url='https://public-api.birdeye.so/defi/history_price?address=68qjXgdWrgERGCzArxZXKHcLPK5eKEU5b7DdtarREKgb&address_type=token&type=1m&time_from=1749906425&time_to=1750144020'
Traceback (most recent call last):
  File "C:\Users\alexj\OneDrive\Desktop\traderRanker\main.py", line 239, in fetch_history_price
    raise aiohttp.ClientResponseError(
aiohttp.client_exceptions.ClientResponseError: 429, message='{"success":false,"message":"Too many requests"}', url='https://public-api.birdeye.so/defi/history_price?address=68qjXgdWrgERGCzArxZXKHcLPK5eKEU5b7DdtarREKgb&address_type=token&type=1m&time_from=1749906425&time_to=1750144020'
2025-06-17 01:07:05,752 - INFO - Birdeye API response for 68qjXgdWrgERGCzArxZXKHcLPK5eKEU5b7DdtarREKgb: Status=200, Response={"data":{"items":[]},"success":true}
2025-06-17 01:07:05,752 - ERROR - No price data in response for 68qjXgdWrgERGCzArxZXKHcLPK5eKEU5b7DdtarREKgb. Full response: {'data': {'items': []}, 'success': True}
2025-06-17 01:07:07,996 - ERROR - No price data in response for 68qjXgdWrgERGCzArxZXKHcLPK5eKEU5b7DdtarREKgb. Full response: {'data': {'items': []}, 'success': True}
2025-06-17 01:08:01,053 - INFO - Fetching price history for 7GCihgDB8fe6KNjn2MYtkzZcRjQy3t9GHdC8uHYmW2hr from 1749906481 to 1750144080
2025-06-17 01:08:01,404 - INFO - Birdeye API response for 7GCihgDB8fe6KNjn2MYtkzZcRjQy3t9GHdC8uHYmW2hr: Status=429, Response={"success":false,"message":"Too many requests"}
2025-06-17 01:08:01,405 - WARNING - Rate limit hit for 7GCihgDB8fe6KNjn2MYtkzZcRjQy3t9GHdC8uHYmW2hr, waiting 2s before retry
2025-06-17 01:08:01,845 - INFO - Successfully retrieved 1000 valid price points for 7GCihgDB8fe6KNjn2MYtkzZcRjQy3t9GHdC8uHYmW2hr
2025-06-17 01:08:01,853 - INFO - Built OHLC data with shape: (201, 6)
2025-06-17 01:08:03,730 - INFO - Birdeye API response for 7GCihgDB8fe6KNjn2MYtkzZcRjQy3t9GHdC8uHYmW2hr: Status=200, Response={"data":{"items":[{"unixTime":1750144020,"value":0.3161163532262392},{"unixTime":1750144080,"value":0.3161163532262392}]},"success":true}
2025-06-17 01:08:03,731 - INFO - Current price for 7GCihgDB8fe6KNjn2MYtkzZcRjQy3t9GHdC8uHYmW2hr: 0.3161163532262392
2025-06-17 01:08:03,736 - ERROR - simulation for 7GCihgDB8fe6KNjn2MYtkzZcRjQy3t9GHdC8uHYmW2hr failed
Traceback (most recent call last):
  File "C:\Users\alexj\OneDrive\Desktop\traderRanker\main.py", line 791, in simulate
    out.append(SimulationResult(token=mint, **sim))
               ^^^^^^^^^^^^^^^^^^^^^^^^^^^^^^^^^^^
TypeError: main.SimulationResult() argument after ** must be a mapping, not NoneType
2025-06-17 01:08:35,052 - INFO - Fetching price history for FRhB8L7Y9Qq41qZXYLtC2nw8An1RJfLLxRF2x9RwLLMo from 1749906515 to 1750144080
2025-06-17 01:08:35,368 - ERROR - Failed to fetch price history for FRhB8L7Y9Qq41qZXYLtC2nw8An1RJfLLxRF2x9RwLLMo. Status: 429, Response: {"success":false,"message":"Too many requests"}
2025-06-17 01:08:35,369 - ERROR - Error fetching price history for FRhB8L7Y9Qq41qZXYLtC2nw8An1RJfLLxRF2x9RwLLMo: 429, message='{"success":false,"message":"Too many requests"}', url='https://public-api.birdeye.so/defi/history_price?address=FRhB8L7Y9Qq41qZXYLtC2nw8An1RJfLLxRF2x9RwLLMo&address_type=token&type=1m&time_from=1749906515&time_to=1750144080'
Traceback (most recent call last):
  File "C:\Users\alexj\OneDrive\Desktop\traderRanker\main.py", line 239, in fetch_history_price
    raise aiohttp.ClientResponseError(
aiohttp.client_exceptions.ClientResponseError: 429, message='{"success":false,"message":"Too many requests"}', url='https://public-api.birdeye.so/defi/history_price?address=FRhB8L7Y9Qq41qZXYLtC2nw8An1RJfLLxRF2x9RwLLMo&address_type=token&type=1m&time_from=1749906515&time_to=1750144080'
2025-06-17 01:08:35,399 - INFO - Birdeye API response for FRhB8L7Y9Qq41qZXYLtC2nw8An1RJfLLxRF2x9RwLLMo: Status=200, Response={"data":{"items":[]},"success":true}
2025-06-17 01:08:35,399 - ERROR - No price data in response for FRhB8L7Y9Qq41qZXYLtC2nw8An1RJfLLxRF2x9RwLLMo. Full response: {'data': {'items': []}, 'success': True}
2025-06-17 01:08:37,661 - ERROR - No price data in response for FRhB8L7Y9Qq41qZXYLtC2nw8An1RJfLLxRF2x9RwLLMo. Full response: {'data': {'items': []}, 'success': True}
2025-06-17 01:09:13,019 - INFO - Fetching price history for 7GCihgDB8fe6KNjn2MYtkzZcRjQy3t9GHdC8uHYmW2hr from 1749906553 to 1750144140
2025-06-17 01:09:13,335 - ERROR - Failed to fetch price history for 7GCihgDB8fe6KNjn2MYtkzZcRjQy3t9GHdC8uHYmW2hr. Status: 429, Response: {"success":false,"message":"Too many requests"}
2025-06-17 01:09:13,336 - ERROR - Error fetching price history for 7GCihgDB8fe6KNjn2MYtkzZcRjQy3t9GHdC8uHYmW2hr: 429, message='{"success":false,"message":"Too many requests"}', url='https://public-api.birdeye.so/defi/history_price?address=7GCihgDB8fe6KNjn2MYtkzZcRjQy3t9GHdC8uHYmW2hr&address_type=token&type=1m&time_from=1749906553&time_to=1750144140'
Traceback (most recent call last):
  File "C:\Users\alexj\OneDrive\Desktop\traderRanker\main.py", line 239, in fetch_history_price
    raise aiohttp.ClientResponseError(
aiohttp.client_exceptions.ClientResponseError: 429, message='{"success":false,"message":"Too many requests"}', url='https://public-api.birdeye.so/defi/history_price?address=7GCihgDB8fe6KNjn2MYtkzZcRjQy3t9GHdC8uHYmW2hr&address_type=token&type=1m&time_from=1749906553&time_to=1750144140'
2025-06-17 01:09:13,395 - INFO - Birdeye API response for 7GCihgDB8fe6KNjn2MYtkzZcRjQy3t9GHdC8uHYmW2hr: Status=200, Response={"data":{"items":[{"unixTime":1750144080,"value":0.31643307036041723},{"unixTime":1750144140,"value":0.31643307036041723}]},"success":true}
2025-06-17 01:09:13,396 - INFO - Current price for 7GCihgDB8fe6KNjn2MYtkzZcRjQy3t9GHdC8uHYmW2hr: 0.31643307036041723
2025-06-17 01:09:16,179 - INFO - Successfully retrieved 1000 valid price points for 7GCihgDB8fe6KNjn2MYtkzZcRjQy3t9GHdC8uHYmW2hr
2025-06-17 01:09:16,182 - INFO - Built OHLC data with shape: (200, 6)
2025-06-17 01:09:16,187 - ERROR - simulation for 7GCihgDB8fe6KNjn2MYtkzZcRjQy3t9GHdC8uHYmW2hr failed
Traceback (most recent call last):
  File "C:\Users\alexj\OneDrive\Desktop\traderRanker\main.py", line 791, in simulate
    out.append(SimulationResult(token=mint, **sim))
               ^^^^^^^^^^^^^^^^^^^^^^^^^^^^^^^^^^^
TypeError: main.SimulationResult() argument after ** must be a mapping, not NoneType
2025-06-17 01:11:53,029 - INFO - ============================================================
2025-06-17 01:11:53,030 - INFO - Starting FastAPI server with ladder TP/SL support
2025-06-17 01:11:53,030 - INFO - ============================================================
2025-06-17 01:11:57,762 - INFO - Fetching price history for 7GCihgDB8fe6KNjn2MYtkzZcRjQy3t9GHdC8uHYmW2hr from 1749906717 to 1750144260
2025-06-17 01:11:58,100 - ERROR - Failed to fetch price history for 7GCihgDB8fe6KNjn2MYtkzZcRjQy3t9GHdC8uHYmW2hr. Status: 429, Response: {"success":false,"message":"Too many requests"}
2025-06-17 01:11:58,101 - ERROR - Error fetching price history for 7GCihgDB8fe6KNjn2MYtkzZcRjQy3t9GHdC8uHYmW2hr: 429, message='{"success":false,"message":"Too many requests"}', url='https://public-api.birdeye.so/defi/history_price?address=7GCihgDB8fe6KNjn2MYtkzZcRjQy3t9GHdC8uHYmW2hr&address_type=token&type=1m&time_from=1749906717&time_to=1750144260'
Traceback (most recent call last):
  File "C:\Users\alexj\OneDrive\Desktop\traderRanker\main.py", line 239, in fetch_history_price
    raise aiohttp.ClientResponseError(
aiohttp.client_exceptions.ClientResponseError: 429, message='{"success":false,"message":"Too many requests"}', url='https://public-api.birdeye.so/defi/history_price?address=7GCihgDB8fe6KNjn2MYtkzZcRjQy3t9GHdC8uHYmW2hr&address_type=token&type=1m&time_from=1749906717&time_to=1750144260'
2025-06-17 01:11:58,156 - INFO - Birdeye API response for 7GCihgDB8fe6KNjn2MYtkzZcRjQy3t9GHdC8uHYmW2hr: Status=200, Response={"data":{"items":[{"unixTime":1750144200,"value":0.31643307036041723},{"unixTime":1750144260,"value":0.31643307036041723}]},"success":true}
2025-06-17 01:11:58,157 - INFO - Current price for 7GCihgDB8fe6KNjn2MYtkzZcRjQy3t9GHdC8uHYmW2hr: 0.31643307036041723
2025-06-17 01:12:00,904 - INFO - Successfully retrieved 1000 valid price points for 7GCihgDB8fe6KNjn2MYtkzZcRjQy3t9GHdC8uHYmW2hr
2025-06-17 01:12:00,913 - INFO - Built OHLC data with shape: (201, 6)
2025-06-17 01:12:00,926 - ERROR - simulation for 7GCihgDB8fe6KNjn2MYtkzZcRjQy3t9GHdC8uHYmW2hr failed
Traceback (most recent call last):
  File "C:\Users\alexj\OneDrive\Desktop\traderRanker\main.py", line 791, in simulate
    out.append(SimulationResult(token=mint, **sim))
               ^^^^^^^^^^^^^^^^^^^^^^^^^^^^^^^^^^^
TypeError: main.SimulationResult() argument after ** must be a mapping, not NoneType
2025-06-17 01:12:37,060 - INFO - ============================================================
2025-06-17 01:12:37,061 - INFO - Starting FastAPI server with ladder TP/SL support
2025-06-17 01:12:37,061 - INFO - ============================================================
2025-06-17 01:12:44,618 - INFO - Fetching price history for 7GCihgDB8fe6KNjn2MYtkzZcRjQy3t9GHdC8uHYmW2hr from 1749906764 to 1750144320
2025-06-17 01:12:45,185 - INFO - Birdeye API response for 7GCihgDB8fe6KNjn2MYtkzZcRjQy3t9GHdC8uHYmW2hr: Status=429, Response={"success":false,"message":"Too many requests"}
2025-06-17 01:12:45,186 - WARNING - Rate limit hit for 7GCihgDB8fe6KNjn2MYtkzZcRjQy3t9GHdC8uHYmW2hr, waiting 2s before retry
2025-06-17 01:12:45,438 - INFO - Successfully retrieved 1000 valid price points for 7GCihgDB8fe6KNjn2MYtkzZcRjQy3t9GHdC8uHYmW2hr
2025-06-17 01:12:45,444 - INFO - Built OHLC data with shape: (201, 6)
2025-06-17 01:12:47,531 - INFO - Birdeye API response for 7GCihgDB8fe6KNjn2MYtkzZcRjQy3t9GHdC8uHYmW2hr: Status=200, Response={"data":{"items":[{"unixTime":1750144260,"value":0.31643307036041723},{"unixTime":1750144320,"value":0.31643307036041723}]},"success":true}
2025-06-17 01:12:47,532 - INFO - Current price for 7GCihgDB8fe6KNjn2MYtkzZcRjQy3t9GHdC8uHYmW2hr: 0.31643307036041723
2025-06-17 01:12:47,538 - ERROR - simulation for 7GCihgDB8fe6KNjn2MYtkzZcRjQy3t9GHdC8uHYmW2hr failed
Traceback (most recent call last):
  File "C:\Users\alexj\OneDrive\Desktop\traderRanker\main.py", line 791, in simulate
    out.append(SimulationResult(token=mint, **sim))
               ^^^^^^^^^^^^^^^^^^^^^^^^^^^^^^^^^^^
TypeError: main.SimulationResult() argument after ** must be a mapping, not NoneType
2025-06-17 01:14:56,946 - INFO - ============================================================
2025-06-17 01:14:56,947 - INFO - Starting FastAPI server with ladder TP/SL support
2025-06-17 01:14:56,947 - INFO - ============================================================
2025-06-17 01:15:01,015 - INFO - Fetching price history for 7GCihgDB8fe6KNjn2MYtkzZcRjQy3t9GHdC8uHYmW2hr from 1749906901 to 1750144500
2025-06-17 01:15:01,356 - ERROR - Failed to fetch price history for 7GCihgDB8fe6KNjn2MYtkzZcRjQy3t9GHdC8uHYmW2hr. Status: 429, Response: {"success":false,"message":"Too many requests"}
2025-06-17 01:15:01,357 - ERROR - Error fetching price history for 7GCihgDB8fe6KNjn2MYtkzZcRjQy3t9GHdC8uHYmW2hr: 429, message='{"success":false,"message":"Too many requests"}', url='https://public-api.birdeye.so/defi/history_price?address=7GCihgDB8fe6KNjn2MYtkzZcRjQy3t9GHdC8uHYmW2hr&address_type=token&type=1m&time_from=1749906901&time_to=1750144500'
Traceback (most recent call last):
  File "C:\Users\alexj\OneDrive\Desktop\traderRanker\main.py", line 239, in fetch_history_price
    raise aiohttp.ClientResponseError(
aiohttp.client_exceptions.ClientResponseError: 429, message='{"success":false,"message":"Too many requests"}', url='https://public-api.birdeye.so/defi/history_price?address=7GCihgDB8fe6KNjn2MYtkzZcRjQy3t9GHdC8uHYmW2hr&address_type=token&type=1m&time_from=1749906901&time_to=1750144500'
2025-06-17 01:15:01,407 - INFO - Birdeye API response for 7GCihgDB8fe6KNjn2MYtkzZcRjQy3t9GHdC8uHYmW2hr: Status=200, Response={"data":{"items":[{"unixTime":1750144440,"value":0.3158569914568882},{"unixTime":1750144500,"value":0.3158569914568882}]},"success":true}
2025-06-17 01:15:01,408 - INFO - Current price for 7GCihgDB8fe6KNjn2MYtkzZcRjQy3t9GHdC8uHYmW2hr: 0.3158569914568882
2025-06-17 01:15:04,067 - INFO - Successfully retrieved 1000 valid price points for 7GCihgDB8fe6KNjn2MYtkzZcRjQy3t9GHdC8uHYmW2hr
2025-06-17 01:15:04,081 - INFO - Built OHLC data with shape: (201, 6)
2025-06-17 01:15:13,768 - INFO - Fetching price history for 7GCihgDB8fe6KNjn2MYtkzZcRjQy3t9GHdC8uHYmW2hr from 1749906913 to 1750144500
2025-06-17 01:15:14,073 - ERROR - Failed to fetch price history for 7GCihgDB8fe6KNjn2MYtkzZcRjQy3t9GHdC8uHYmW2hr. Status: 429, Response: {"success":false,"message":"Too many requests"}
2025-06-17 01:15:14,074 - ERROR - Error fetching price history for 7GCihgDB8fe6KNjn2MYtkzZcRjQy3t9GHdC8uHYmW2hr: 429, message='{"success":false,"message":"Too many requests"}', url='https://public-api.birdeye.so/defi/history_price?address=7GCihgDB8fe6KNjn2MYtkzZcRjQy3t9GHdC8uHYmW2hr&address_type=token&type=1m&time_from=1749906913&time_to=1750144500'
Traceback (most recent call last):
  File "C:\Users\alexj\OneDrive\Desktop\traderRanker\main.py", line 239, in fetch_history_price
    raise aiohttp.ClientResponseError(
aiohttp.client_exceptions.ClientResponseError: 429, message='{"success":false,"message":"Too many requests"}', url='https://public-api.birdeye.so/defi/history_price?address=7GCihgDB8fe6KNjn2MYtkzZcRjQy3t9GHdC8uHYmW2hr&address_type=token&type=1m&time_from=1749906913&time_to=1750144500'
2025-06-17 01:15:14,122 - INFO - Birdeye API response for 7GCihgDB8fe6KNjn2MYtkzZcRjQy3t9GHdC8uHYmW2hr: Status=200, Response={"data":{"items":[{"unixTime":1750144440,"value":0.3158569914568882},{"unixTime":1750144500,"value":0.3158569914568882}]},"success":true}
2025-06-17 01:15:14,123 - INFO - Current price for 7GCihgDB8fe6KNjn2MYtkzZcRjQy3t9GHdC8uHYmW2hr: 0.3158569914568882
2025-06-17 01:15:16,819 - INFO - Successfully retrieved 1000 valid price points for 7GCihgDB8fe6KNjn2MYtkzZcRjQy3t9GHdC8uHYmW2hr
2025-06-17 01:15:16,824 - INFO - Built OHLC data with shape: (201, 6)
2025-06-17 01:16:33,711 - INFO - ============================================================
2025-06-17 01:16:33,711 - INFO - Starting FastAPI server with ladder TP/SL support
2025-06-17 01:16:33,712 - INFO - ============================================================
2025-06-17 01:16:37,232 - INFO - Fetching price history for 7GCihgDB8fe6KNjn2MYtkzZcRjQy3t9GHdC8uHYmW2hr from 1749906997 to 1750144560
2025-06-17 01:16:37,537 - ERROR - Failed to fetch price history for 7GCihgDB8fe6KNjn2MYtkzZcRjQy3t9GHdC8uHYmW2hr. Status: 429, Response: {"success":false,"message":"Too many requests"}
2025-06-17 01:16:37,538 - ERROR - Error fetching price history for 7GCihgDB8fe6KNjn2MYtkzZcRjQy3t9GHdC8uHYmW2hr: 429, message='{"success":false,"message":"Too many requests"}', url='https://public-api.birdeye.so/defi/history_price?address=7GCihgDB8fe6KNjn2MYtkzZcRjQy3t9GHdC8uHYmW2hr&address_type=token&type=1m&time_from=1749906997&time_to=1750144560'
Traceback (most recent call last):
  File "C:\Users\alexj\OneDrive\Desktop\traderRanker\main.py", line 239, in fetch_history_price
    raise aiohttp.ClientResponseError(
aiohttp.client_exceptions.ClientResponseError: 429, message='{"success":false,"message":"Too many requests"}', url='https://public-api.birdeye.so/defi/history_price?address=7GCihgDB8fe6KNjn2MYtkzZcRjQy3t9GHdC8uHYmW2hr&address_type=token&type=1m&time_from=1749906997&time_to=1750144560'
2025-06-17 01:16:37,601 - INFO - Birdeye API response for 7GCihgDB8fe6KNjn2MYtkzZcRjQy3t9GHdC8uHYmW2hr: Status=200, Response={"data":{"items":[{"unixTime":1750144500,"value":0.3158569914568882},{"unixTime":1750144560,"value":0.3158569914568882}]},"success":true}
2025-06-17 01:16:37,602 - INFO - Current price for 7GCihgDB8fe6KNjn2MYtkzZcRjQy3t9GHdC8uHYmW2hr: 0.3158569914568882
2025-06-17 01:16:40,326 - INFO - Successfully retrieved 1000 valid price points for 7GCihgDB8fe6KNjn2MYtkzZcRjQy3t9GHdC8uHYmW2hr
2025-06-17 01:16:40,332 - INFO - Built OHLC data with shape: (201, 6)
2025-06-17 01:17:26,520 - INFO - Fetching price history for 7GCihgDB8fe6KNjn2MYtkzZcRjQy3t9GHdC8uHYmW2hr from 1749907046 to 1750144620
2025-06-17 01:17:27,197 - INFO - Birdeye API response for 7GCihgDB8fe6KNjn2MYtkzZcRjQy3t9GHdC8uHYmW2hr: Status=429, Response={"success":false,"message":"Too many requests"}
2025-06-17 01:17:27,198 - WARNING - Rate limit hit for 7GCihgDB8fe6KNjn2MYtkzZcRjQy3t9GHdC8uHYmW2hr, waiting 2s before retry
2025-06-17 01:17:27,391 - INFO - Successfully retrieved 1000 valid price points for 7GCihgDB8fe6KNjn2MYtkzZcRjQy3t9GHdC8uHYmW2hr
2025-06-17 01:17:27,395 - INFO - Built OHLC data with shape: (201, 6)
2025-06-17 01:17:29,548 - INFO - Birdeye API response for 7GCihgDB8fe6KNjn2MYtkzZcRjQy3t9GHdC8uHYmW2hr: Status=200, Response={"data":{"items":[{"unixTime":1750144560,"value":0.3158569914568882},{"unixTime":1750144620,"value":0.3158569914568882}]},"success":true}
2025-06-17 01:17:29,549 - INFO - Current price for 7GCihgDB8fe6KNjn2MYtkzZcRjQy3t9GHdC8uHYmW2hr: 0.3158569914568882
2025-06-17 01:20:13,108 - INFO - ============================================================
2025-06-17 01:20:13,108 - INFO - Starting FastAPI server with ladder TP/SL support
2025-06-17 01:20:13,109 - INFO - ============================================================
2025-06-17 01:20:16,329 - INFO - Fetching price history for 7GCihgDB8fe6KNjn2MYtkzZcRjQy3t9GHdC8uHYmW2hr from 1749907216 to 1750144800
2025-06-17 01:20:16,665 - ERROR - Failed to fetch price history for 7GCihgDB8fe6KNjn2MYtkzZcRjQy3t9GHdC8uHYmW2hr. Status: 429, Response: {"success":false,"message":"Too many requests"}
2025-06-17 01:20:16,666 - ERROR - Error fetching price history for 7GCihgDB8fe6KNjn2MYtkzZcRjQy3t9GHdC8uHYmW2hr: 429, message='{"success":false,"message":"Too many requests"}', url='https://public-api.birdeye.so/defi/history_price?address=7GCihgDB8fe6KNjn2MYtkzZcRjQy3t9GHdC8uHYmW2hr&address_type=token&type=1m&time_from=1749907216&time_to=1750144800'
Traceback (most recent call last):
  File "C:\Users\alexj\OneDrive\Desktop\traderRanker\main.py", line 239, in fetch_history_price
    raise aiohttp.ClientResponseError(
aiohttp.client_exceptions.ClientResponseError: 429, message='{"success":false,"message":"Too many requests"}', url='https://public-api.birdeye.so/defi/history_price?address=7GCihgDB8fe6KNjn2MYtkzZcRjQy3t9GHdC8uHYmW2hr&address_type=token&type=1m&time_from=1749907216&time_to=1750144800'
2025-06-17 01:20:16,771 - INFO - Birdeye API response for 7GCihgDB8fe6KNjn2MYtkzZcRjQy3t9GHdC8uHYmW2hr: Status=200, Response={"data":{"items":[{"unixTime":1750144740,"value":0.31601572059788413},{"unixTime":1750144800,"value":0.31601572059788413}]},"success":true}
2025-06-17 01:20:16,772 - INFO - Current price for 7GCihgDB8fe6KNjn2MYtkzZcRjQy3t9GHdC8uHYmW2hr: 0.31601572059788413
2025-06-17 01:20:19,413 - INFO - Successfully retrieved 1000 valid price points for 7GCihgDB8fe6KNjn2MYtkzZcRjQy3t9GHdC8uHYmW2hr
2025-06-17 01:20:19,419 - INFO - Built OHLC data with shape: (201, 6)
2025-06-17 01:20:48,407 - INFO - Fetching price history for 7GCihgDB8fe6KNjn2MYtkzZcRjQy3t9GHdC8uHYmW2hr from 1749907248 to 1750144800
2025-06-17 01:20:48,726 - INFO - Birdeye API response for 7GCihgDB8fe6KNjn2MYtkzZcRjQy3t9GHdC8uHYmW2hr: Status=429, Response={"success":false,"message":"Too many requests"}
2025-06-17 01:20:48,727 - WARNING - Rate limit hit for 7GCihgDB8fe6KNjn2MYtkzZcRjQy3t9GHdC8uHYmW2hr, waiting 2s before retry
2025-06-17 01:20:49,229 - INFO - Successfully retrieved 1000 valid price points for 7GCihgDB8fe6KNjn2MYtkzZcRjQy3t9GHdC8uHYmW2hr
2025-06-17 01:20:49,234 - INFO - Built OHLC data with shape: (201, 6)
2025-06-17 01:20:51,081 - INFO - Birdeye API response for 7GCihgDB8fe6KNjn2MYtkzZcRjQy3t9GHdC8uHYmW2hr: Status=200, Response={"data":{"items":[{"unixTime":1750144740,"value":0.31601572059788413},{"unixTime":1750144800,"value":0.31601572059788413}]},"success":true}
2025-06-17 01:20:51,082 - INFO - Current price for 7GCihgDB8fe6KNjn2MYtkzZcRjQy3t9GHdC8uHYmW2hr: 0.31601572059788413
2025-06-17 01:21:11,189 - INFO - Fetching price history for 7GCihgDB8fe6KNjn2MYtkzZcRjQy3t9GHdC8uHYmW2hr from 1749907271 to 1750144860
2025-06-17 01:21:11,492 - INFO - Birdeye API response for 7GCihgDB8fe6KNjn2MYtkzZcRjQy3t9GHdC8uHYmW2hr: Status=429, Response={"success":false,"message":"Too many requests"}
2025-06-17 01:21:11,493 - WARNING - Rate limit hit for 7GCihgDB8fe6KNjn2MYtkzZcRjQy3t9GHdC8uHYmW2hr, waiting 2s before retry
2025-06-17 01:21:11,954 - INFO - Successfully retrieved 1000 valid price points for 7GCihgDB8fe6KNjn2MYtkzZcRjQy3t9GHdC8uHYmW2hr
2025-06-17 01:21:11,959 - INFO - Built OHLC data with shape: (201, 6)
2025-06-17 01:21:13,833 - INFO - Birdeye API response for 7GCihgDB8fe6KNjn2MYtkzZcRjQy3t9GHdC8uHYmW2hr: Status=200, Response={"data":{"items":[{"unixTime":1750144800,"value":0.31601572059788413},{"unixTime":1750144860,"value":0.31601572059788413}]},"success":true}
2025-06-17 01:21:13,834 - INFO - Current price for 7GCihgDB8fe6KNjn2MYtkzZcRjQy3t9GHdC8uHYmW2hr: 0.31601572059788413
2025-06-17 01:22:15,876 - INFO - ============================================================
2025-06-17 01:22:15,876 - INFO - Starting FastAPI server with ladder TP/SL support
2025-06-17 01:22:15,877 - INFO - ============================================================
2025-06-17 01:22:18,489 - INFO - Fetching price history for 7GCihgDB8fe6KNjn2MYtkzZcRjQy3t9GHdC8uHYmW2hr from 1749907338 to 1750144920
2025-06-17 01:22:18,820 - ERROR - Failed to fetch price history for 7GCihgDB8fe6KNjn2MYtkzZcRjQy3t9GHdC8uHYmW2hr. Status: 429, Response: {"success":false,"message":"Too many requests"}
2025-06-17 01:22:18,821 - ERROR - Error fetching price history for 7GCihgDB8fe6KNjn2MYtkzZcRjQy3t9GHdC8uHYmW2hr: 429, message='{"success":false,"message":"Too many requests"}', url='https://public-api.birdeye.so/defi/history_price?address=7GCihgDB8fe6KNjn2MYtkzZcRjQy3t9GHdC8uHYmW2hr&address_type=token&type=1m&time_from=1749907338&time_to=1750144920'
Traceback (most recent call last):
  File "C:\Users\alexj\OneDrive\Desktop\traderRanker\main.py", line 239, in fetch_history_price
    raise aiohttp.ClientResponseError(
aiohttp.client_exceptions.ClientResponseError: 429, message='{"success":false,"message":"Too many requests"}', url='https://public-api.birdeye.so/defi/history_price?address=7GCihgDB8fe6KNjn2MYtkzZcRjQy3t9GHdC8uHYmW2hr&address_type=token&type=1m&time_from=1749907338&time_to=1750144920'
2025-06-17 01:22:18,881 - INFO - Birdeye API response for 7GCihgDB8fe6KNjn2MYtkzZcRjQy3t9GHdC8uHYmW2hr: Status=200, Response={"data":{"items":[{"unixTime":1750144860,"value":0.31285151998782673},{"unixTime":1750144920,"value":0.31285151998782673}]},"success":true}
2025-06-17 01:22:18,882 - INFO - Current price for 7GCihgDB8fe6KNjn2MYtkzZcRjQy3t9GHdC8uHYmW2hr: 0.31285151998782673
2025-06-17 01:22:21,638 - INFO - Successfully retrieved 1000 valid price points for 7GCihgDB8fe6KNjn2MYtkzZcRjQy3t9GHdC8uHYmW2hr
2025-06-17 01:22:21,645 - INFO - Built OHLC data with shape: (201, 6)
2025-06-17 01:22:33,465 - INFO - ============================================================
2025-06-17 01:22:33,466 - INFO - Starting FastAPI server with ladder TP/SL support
2025-06-17 01:22:33,466 - INFO - ============================================================
2025-06-17 01:22:39,178 - INFO - Fetching price history for 7GCihgDB8fe6KNjn2MYtkzZcRjQy3t9GHdC8uHYmW2hr from 1749907359 to 1750144920
2025-06-17 01:22:39,506 - INFO - Birdeye API response for 7GCihgDB8fe6KNjn2MYtkzZcRjQy3t9GHdC8uHYmW2hr: Status=429, Response={"success":false,"message":"Too many requests"}
2025-06-17 01:22:39,507 - WARNING - Rate limit hit for 7GCihgDB8fe6KNjn2MYtkzZcRjQy3t9GHdC8uHYmW2hr, waiting 2s before retry
2025-06-17 01:22:39,882 - INFO - Successfully retrieved 1000 valid price points for 7GCihgDB8fe6KNjn2MYtkzZcRjQy3t9GHdC8uHYmW2hr
2025-06-17 01:22:39,889 - INFO - Built OHLC data with shape: (201, 6)
2025-06-17 01:22:41,828 - INFO - Birdeye API response for 7GCihgDB8fe6KNjn2MYtkzZcRjQy3t9GHdC8uHYmW2hr: Status=200, Response={"data":{"items":[{"unixTime":1750144860,"value":0.31285151998782673},{"unixTime":1750144920,"value":0.31285151998782673}]},"success":true}
2025-06-17 01:22:41,829 - INFO - Current price for 7GCihgDB8fe6KNjn2MYtkzZcRjQy3t9GHdC8uHYmW2hr: 0.31285151998782673
2025-06-17 01:23:41,907 - INFO - ============================================================
2025-06-17 01:23:41,907 - INFO - Starting FastAPI server with ladder TP/SL support
2025-06-17 01:23:41,908 - INFO - ============================================================
2025-06-17 01:24:53,989 - INFO - ============================================================
2025-06-17 01:24:53,990 - INFO - Starting FastAPI server with ladder TP/SL support
2025-06-17 01:24:53,990 - INFO - ============================================================
2025-06-17 01:25:05,875 - INFO - ============================================================
2025-06-17 01:25:05,876 - INFO - Starting FastAPI server with ladder TP/SL support
2025-06-17 01:25:05,876 - INFO - ============================================================
2025-06-17 01:25:20,721 - INFO - Fetching price history for 7GCihgDB8fe6KNjn2MYtkzZcRjQy3t9GHdC8uHYmW2hr from 1749907520 to 1750145100
2025-06-17 01:25:21,062 - ERROR - Failed to fetch price history for 7GCihgDB8fe6KNjn2MYtkzZcRjQy3t9GHdC8uHYmW2hr. Status: 429, Response: {"success":false,"message":"Too many requests"}
2025-06-17 01:25:21,063 - ERROR - Error fetching price history for 7GCihgDB8fe6KNjn2MYtkzZcRjQy3t9GHdC8uHYmW2hr: 429, message='{"success":false,"message":"Too many requests"}', url='https://public-api.birdeye.so/defi/history_price?address=7GCihgDB8fe6KNjn2MYtkzZcRjQy3t9GHdC8uHYmW2hr&address_type=token&type=1m&time_from=1749907520&time_to=1750145100'
Traceback (most recent call last):
  File "C:\Users\alexj\OneDrive\Desktop\traderRanker\main.py", line 239, in fetch_history_price
    raise aiohttp.ClientResponseError(
aiohttp.client_exceptions.ClientResponseError: 429, message='{"success":false,"message":"Too many requests"}', url='https://public-api.birdeye.so/defi/history_price?address=7GCihgDB8fe6KNjn2MYtkzZcRjQy3t9GHdC8uHYmW2hr&address_type=token&type=1m&time_from=1749907520&time_to=1750145100'
2025-06-17 01:25:21,128 - INFO - Birdeye API response for 7GCihgDB8fe6KNjn2MYtkzZcRjQy3t9GHdC8uHYmW2hr: Status=200, Response={"data":{"items":[{"unixTime":1750145040,"value":0.31541100097893393},{"unixTime":1750145100,"value":0.31541100097893393}]},"success":true}
2025-06-17 01:25:21,129 - INFO - Current price for 7GCihgDB8fe6KNjn2MYtkzZcRjQy3t9GHdC8uHYmW2hr: 0.31541100097893393
2025-06-17 01:25:23,787 - INFO - Successfully retrieved 1000 valid price points for 7GCihgDB8fe6KNjn2MYtkzZcRjQy3t9GHdC8uHYmW2hr
2025-06-17 01:25:23,797 - INFO - Built OHLC data with shape: (201, 6)
2025-06-17 01:27:07,009 - INFO - ============================================================
2025-06-17 01:27:07,010 - INFO - Starting FastAPI server with ladder TP/SL support
2025-06-17 01:27:07,010 - INFO - ============================================================
2025-06-17 01:27:08,542 - INFO - ============================================================
2025-06-17 01:27:08,542 - INFO - Starting FastAPI server with ladder TP/SL support
2025-06-17 01:27:08,543 - INFO - ============================================================
2025-06-17 01:27:51,173 - INFO - Fetching price history for FRhB8L7Y9Qq41qZXYLtC2nw8An1RJfLLxRF2x9RwLLMo from 1749907671 to 1750145220
2025-06-17 01:27:51,664 - INFO - Birdeye API response for FRhB8L7Y9Qq41qZXYLtC2nw8An1RJfLLxRF2x9RwLLMo: Status=200, Response={"data":{"items":[]},"success":true}
2025-06-17 01:27:51,665 - ERROR - No price data in response for FRhB8L7Y9Qq41qZXYLtC2nw8An1RJfLLxRF2x9RwLLMo. Full response: {'data': {'items': []}, 'success': True}
2025-06-17 01:27:51,796 - ERROR - Failed to fetch price history for FRhB8L7Y9Qq41qZXYLtC2nw8An1RJfLLxRF2x9RwLLMo. Status: 429, Response: {"success":false,"message":"Too many requests"}
2025-06-17 01:27:51,797 - ERROR - Error fetching price history for FRhB8L7Y9Qq41qZXYLtC2nw8An1RJfLLxRF2x9RwLLMo: 429, message='{"success":false,"message":"Too many requests"}', url='https://public-api.birdeye.so/defi/history_price?address=FRhB8L7Y9Qq41qZXYLtC2nw8An1RJfLLxRF2x9RwLLMo&address_type=token&type=1m&time_from=1749907671&time_to=1750145220'
Traceback (most recent call last):
  File "C:\Users\alexj\OneDrive\Desktop\traderRanker\main.py", line 247, in fetch_history_price
    raise aiohttp.ClientResponseError(
aiohttp.client_exceptions.ClientResponseError: 429, message='{"success":false,"message":"Too many requests"}', url='https://public-api.birdeye.so/defi/history_price?address=FRhB8L7Y9Qq41qZXYLtC2nw8An1RJfLLxRF2x9RwLLMo&address_type=token&type=1m&time_from=1749907671&time_to=1750145220'
2025-06-17 01:27:54,089 - ERROR - No price data in response for FRhB8L7Y9Qq41qZXYLtC2nw8An1RJfLLxRF2x9RwLLMo. Full response: {'data': {'items': []}, 'success': True}
2025-06-17 01:27:54,091 - INFO - Fetching price history for FRhB8L7Y9Qq41qZXYLtC2nw8An1RJfLLxRF2x9RwLLMo from 0 to 1750145220
2025-06-17 01:27:54,350 - ERROR - Failed to fetch price history for FRhB8L7Y9Qq41qZXYLtC2nw8An1RJfLLxRF2x9RwLLMo. Status: 429, Response: {"success":false,"message":"Too many requests"}
2025-06-17 01:27:54,351 - ERROR - Error fetching price history for FRhB8L7Y9Qq41qZXYLtC2nw8An1RJfLLxRF2x9RwLLMo: 429, message='{"success":false,"message":"Too many requests"}', url='https://public-api.birdeye.so/defi/history_price?address=FRhB8L7Y9Qq41qZXYLtC2nw8An1RJfLLxRF2x9RwLLMo&address_type=token&type=1m&time_from=0&time_to=1750145220'
Traceback (most recent call last):
  File "C:\Users\alexj\OneDrive\Desktop\traderRanker\main.py", line 247, in fetch_history_price
    raise aiohttp.ClientResponseError(
aiohttp.client_exceptions.ClientResponseError: 429, message='{"success":false,"message":"Too many requests"}', url='https://public-api.birdeye.so/defi/history_price?address=FRhB8L7Y9Qq41qZXYLtC2nw8An1RJfLLxRF2x9RwLLMo&address_type=token&type=1m&time_from=0&time_to=1750145220'
2025-06-17 01:27:56,632 - ERROR - No price data in response for FRhB8L7Y9Qq41qZXYLtC2nw8An1RJfLLxRF2x9RwLLMo. Full response: {'data': {'items': []}, 'success': True}
2025-06-17 01:28:20,907 - INFO - Fetching price history for FRhB8L7Y9Qq41qZXYLtC2nw8An1RJfLLxRF2x9RwLLMo from 1749907700 to 1750145280
2025-06-17 01:28:21,288 - INFO - Birdeye API response for FRhB8L7Y9Qq41qZXYLtC2nw8An1RJfLLxRF2x9RwLLMo: Status=429, Response={"success":false,"message":"Too many requests"}
2025-06-17 01:28:21,289 - WARNING - Rate limit hit for FRhB8L7Y9Qq41qZXYLtC2nw8An1RJfLLxRF2x9RwLLMo, waiting 2s before retry
2025-06-17 01:28:21,290 - ERROR - No price data in response for FRhB8L7Y9Qq41qZXYLtC2nw8An1RJfLLxRF2x9RwLLMo. Full response: {'data': {'items': []}, 'success': True}
2025-06-17 01:28:23,295 - ERROR - Error fetching current price for FRhB8L7Y9Qq41qZXYLtC2nw8An1RJfLLxRF2x9RwLLMo: Session is closed
Traceback (most recent call last):
  File "C:\Users\alexj\OneDrive\Desktop\traderRanker\main.py", line 318, in fetch_current_price
    async with session.get(url, params=params, headers=headers) as r:
  File "C:\Users\alexj\AppData\Local\Programs\Python\Python311\Lib\site-packages\aiohttp\client.py", line 1425, in __aenter__
    self._resp: _RetType = await self._coro
                           ^^^^^^^^^^^^^^^^
  File "C:\Users\alexj\AppData\Local\Programs\Python\Python311\Lib\site-packages\aiohttp\client.py", line 512, in _request
    raise RuntimeError("Session is closed")
RuntimeError: Session is closed
2025-06-17 01:28:27,304 - ERROR - Error fetching current price for FRhB8L7Y9Qq41qZXYLtC2nw8An1RJfLLxRF2x9RwLLMo: Session is closed
Traceback (most recent call last):
  File "C:\Users\alexj\OneDrive\Desktop\traderRanker\main.py", line 318, in fetch_current_price
    async with session.get(url, params=params, headers=headers) as r:
  File "C:\Users\alexj\AppData\Local\Programs\Python\Python311\Lib\site-packages\aiohttp\client.py", line 1425, in __aenter__
    self._resp: _RetType = await self._coro
                           ^^^^^^^^^^^^^^^^
  File "C:\Users\alexj\AppData\Local\Programs\Python\Python311\Lib\site-packages\aiohttp\client.py", line 512, in _request
    raise RuntimeError("Session is closed")
RuntimeError: Session is closed
2025-06-17 01:28:35,787 - INFO - ============================================================
2025-06-17 01:28:35,789 - INFO - Starting FastAPI server with ladder TP/SL support
2025-06-17 01:28:35,789 - INFO - ============================================================
2025-06-17 01:28:46,223 - INFO - Fetching price history for FRhB8L7Y9Qq41qZXYLtC2nw8An1RJfLLxRF2x9RwLLMo from 1749907726 to 1750145280
2025-06-17 01:28:46,564 - ERROR - Failed to fetch price history for FRhB8L7Y9Qq41qZXYLtC2nw8An1RJfLLxRF2x9RwLLMo. Status: 429, Response: {"success":false,"message":"Too many requests"}
2025-06-17 01:28:46,565 - ERROR - Error fetching price history for FRhB8L7Y9Qq41qZXYLtC2nw8An1RJfLLxRF2x9RwLLMo: 429, message='{"success":false,"message":"Too many requests"}', url='https://public-api.birdeye.so/defi/history_price?address=FRhB8L7Y9Qq41qZXYLtC2nw8An1RJfLLxRF2x9RwLLMo&address_type=token&type=1m&time_from=1749907726&time_to=1750145280'
Traceback (most recent call last):
  File "C:\Users\alexj\OneDrive\Desktop\traderRanker\main.py", line 247, in fetch_history_price
    raise aiohttp.ClientResponseError(
aiohttp.client_exceptions.ClientResponseError: 429, message='{"success":false,"message":"Too many requests"}', url='https://public-api.birdeye.so/defi/history_price?address=FRhB8L7Y9Qq41qZXYLtC2nw8An1RJfLLxRF2x9RwLLMo&address_type=token&type=1m&time_from=1749907726&time_to=1750145280'
2025-06-17 01:28:46,687 - INFO - Birdeye API response for FRhB8L7Y9Qq41qZXYLtC2nw8An1RJfLLxRF2x9RwLLMo: Status=200, Response={"data":{"items":[]},"success":true}
2025-06-17 01:28:46,688 - ERROR - No price data in response for FRhB8L7Y9Qq41qZXYLtC2nw8An1RJfLLxRF2x9RwLLMo. Full response: {'data': {'items': []}, 'success': True}
2025-06-17 01:28:48,870 - ERROR - No price data in response for FRhB8L7Y9Qq41qZXYLtC2nw8An1RJfLLxRF2x9RwLLMo. Full response: {'data': {'items': []}, 'success': True}
2025-06-17 01:28:48,871 - INFO - Fetching price history for FRhB8L7Y9Qq41qZXYLtC2nw8An1RJfLLxRF2x9RwLLMo from 0 to 1750145280
2025-06-17 01:28:49,163 - ERROR - Failed to fetch price history for FRhB8L7Y9Qq41qZXYLtC2nw8An1RJfLLxRF2x9RwLLMo. Status: 429, Response: {"success":false,"message":"Too many requests"}
2025-06-17 01:28:49,164 - ERROR - Error fetching price history for FRhB8L7Y9Qq41qZXYLtC2nw8An1RJfLLxRF2x9RwLLMo: 429, message='{"success":false,"message":"Too many requests"}', url='https://public-api.birdeye.so/defi/history_price?address=FRhB8L7Y9Qq41qZXYLtC2nw8An1RJfLLxRF2x9RwLLMo&address_type=token&type=1m&time_from=0&time_to=1750145280'
Traceback (most recent call last):
  File "C:\Users\alexj\OneDrive\Desktop\traderRanker\main.py", line 247, in fetch_history_price
    raise aiohttp.ClientResponseError(
aiohttp.client_exceptions.ClientResponseError: 429, message='{"success":false,"message":"Too many requests"}', url='https://public-api.birdeye.so/defi/history_price?address=FRhB8L7Y9Qq41qZXYLtC2nw8An1RJfLLxRF2x9RwLLMo&address_type=token&type=1m&time_from=0&time_to=1750145280'
2025-06-17 01:28:51,435 - ERROR - No price data in response for FRhB8L7Y9Qq41qZXYLtC2nw8An1RJfLLxRF2x9RwLLMo. Full response: {'data': {'items': []}, 'success': True}
2025-06-17 01:29:00,240 - INFO - Fetching price history for 7GCihgDB8fe6KNjn2MYtkzZcRjQy3t9GHdC8uHYmW2hr from 1749907740 to 1750145340
2025-06-17 01:29:00,506 - INFO - Birdeye API response for 7GCihgDB8fe6KNjn2MYtkzZcRjQy3t9GHdC8uHYmW2hr: Status=429, Response={"success":false,"message":"Too many requests"}
2025-06-17 01:29:00,507 - WARNING - Rate limit hit for 7GCihgDB8fe6KNjn2MYtkzZcRjQy3t9GHdC8uHYmW2hr, waiting 2s before retry
2025-06-17 01:29:01,087 - INFO - Successfully retrieved 1000 valid price points for 7GCihgDB8fe6KNjn2MYtkzZcRjQy3t9GHdC8uHYmW2hr
2025-06-17 01:29:01,093 - INFO - Built OHLC data with shape: (201, 6)
2025-06-17 01:29:03,249 - INFO - Birdeye API response for 7GCihgDB8fe6KNjn2MYtkzZcRjQy3t9GHdC8uHYmW2hr: Status=200, Response={"data":{"items":[{"unixTime":1750145280,"value":0.31402749451341155},{"unixTime":1750145340,"value":0.31402749451341155}]},"success":true}
2025-06-17 01:29:03,250 - INFO - Current price for 7GCihgDB8fe6KNjn2MYtkzZcRjQy3t9GHdC8uHYmW2hr: 0.31402749451341155
2025-06-17 01:29:03,268 - INFO - Fetching price history for 7GCihgDB8fe6KNjn2MYtkzZcRjQy3t9GHdC8uHYmW2hr from 0 to 1750145340
2025-06-17 01:29:03,558 - ERROR - Failed to fetch price history for 7GCihgDB8fe6KNjn2MYtkzZcRjQy3t9GHdC8uHYmW2hr. Status: 429, Response: {"success":false,"message":"Too many requests"}
2025-06-17 01:29:03,559 - ERROR - Error fetching price history for 7GCihgDB8fe6KNjn2MYtkzZcRjQy3t9GHdC8uHYmW2hr: 429, message='{"success":false,"message":"Too many requests"}', url='https://public-api.birdeye.so/defi/history_price?address=7GCihgDB8fe6KNjn2MYtkzZcRjQy3t9GHdC8uHYmW2hr&address_type=token&type=1m&time_from=0&time_to=1750145340'
Traceback (most recent call last):
  File "C:\Users\alexj\OneDrive\Desktop\traderRanker\main.py", line 247, in fetch_history_price
    raise aiohttp.ClientResponseError(
aiohttp.client_exceptions.ClientResponseError: 429, message='{"success":false,"message":"Too many requests"}', url='https://public-api.birdeye.so/defi/history_price?address=7GCihgDB8fe6KNjn2MYtkzZcRjQy3t9GHdC8uHYmW2hr&address_type=token&type=1m&time_from=0&time_to=1750145340'
2025-06-17 01:29:06,683 - INFO - Successfully retrieved 1000 valid price points for 7GCihgDB8fe6KNjn2MYtkzZcRjQy3t9GHdC8uHYmW2hr
2025-06-17 01:29:06,689 - INFO - Built OHLC data with shape: (201, 6)
2025-06-17 01:31:52,735 - INFO - ============================================================
2025-06-17 01:31:52,735 - INFO - Starting FastAPI server with ladder TP/SL support
2025-06-17 01:31:52,736 - INFO - ============================================================
2025-06-17 01:32:38,387 - INFO - ============================================================
2025-06-17 01:32:38,387 - INFO - Starting FastAPI server with ladder TP/SL support
2025-06-17 01:32:38,388 - INFO - ============================================================
2025-06-17 01:32:52,150 - INFO - Fetching price history for 7GCihgDB8fe6KNjn2MYtkzZcRjQy3t9GHdC8uHYmW2hr from 1749907972 to 1750145520
2025-06-17 01:32:52,514 - ERROR - Failed to fetch price history for 7GCihgDB8fe6KNjn2MYtkzZcRjQy3t9GHdC8uHYmW2hr. Status: 429, Response: {"success":false,"message":"Too many requests"}
2025-06-17 01:32:52,515 - ERROR - Error fetching price history for 7GCihgDB8fe6KNjn2MYtkzZcRjQy3t9GHdC8uHYmW2hr: 429, message='{"success":false,"message":"Too many requests"}', url='https://public-api.birdeye.so/defi/history_price?address=7GCihgDB8fe6KNjn2MYtkzZcRjQy3t9GHdC8uHYmW2hr&address_type=token&type=1m&time_from=1749907972&time_to=1750145520'
Traceback (most recent call last):
  File "C:\Users\alexj\OneDrive\Desktop\traderRanker\main.py", line 308, in fetch_history_price
    raise aiohttp.ClientResponseError(
aiohttp.client_exceptions.ClientResponseError: 429, message='{"success":false,"message":"Too many requests"}', url='https://public-api.birdeye.so/defi/history_price?address=7GCihgDB8fe6KNjn2MYtkzZcRjQy3t9GHdC8uHYmW2hr&address_type=token&type=1m&time_from=1749907972&time_to=1750145520'
2025-06-17 01:32:52,577 - INFO - Birdeye API response for 7GCihgDB8fe6KNjn2MYtkzZcRjQy3t9GHdC8uHYmW2hr: Status=200, Response={"data":{"items":[{"unixTime":1750145460,"value":0.3134857177907284},{"unixTime":1750145520,"value":0.3134857177907284}]},"success":true}
2025-06-17 01:32:52,578 - INFO - Current price for 7GCihgDB8fe6KNjn2MYtkzZcRjQy3t9GHdC8uHYmW2hr: 0.3134857177907284
2025-06-17 01:32:55,317 - INFO - Successfully retrieved 1000 valid price points for 7GCihgDB8fe6KNjn2MYtkzZcRjQy3t9GHdC8uHYmW2hr
2025-06-17 01:32:55,323 - INFO - Built OHLC data with shape: (201, 6)
2025-06-17 01:35:22,503 - INFO - ============================================================
2025-06-17 01:35:22,503 - INFO - Starting FastAPI server with ladder TP/SL support
2025-06-17 01:35:22,503 - INFO - ============================================================
2025-06-17 01:35:51,615 - INFO - ============================================================
2025-06-17 01:35:51,615 - INFO - Starting FastAPI server with ladder TP/SL support
2025-06-17 01:35:51,616 - INFO - ============================================================
2025-06-17 01:36:06,365 - INFO - Fetching price history for 7GCihgDB8fe6KNjn2MYtkzZcRjQy3t9GHdC8uHYmW2hr from 1749908166 to 1750145760
2025-06-17 01:36:06,713 - INFO - Birdeye API response for 7GCihgDB8fe6KNjn2MYtkzZcRjQy3t9GHdC8uHYmW2hr: Status=429, Response={"success":false,"message":"Too many requests"}
2025-06-17 01:36:06,714 - WARNING - Rate limit hit for 7GCihgDB8fe6KNjn2MYtkzZcRjQy3t9GHdC8uHYmW2hr, waiting 2s before retry
2025-06-17 01:36:07,190 - INFO - Successfully retrieved 1000 valid price points for 7GCihgDB8fe6KNjn2MYtkzZcRjQy3t9GHdC8uHYmW2hr
2025-06-17 01:36:07,200 - INFO - Built OHLC data with shape: (201, 6)
2025-06-17 01:36:09,063 - INFO - Birdeye API response for 7GCihgDB8fe6KNjn2MYtkzZcRjQy3t9GHdC8uHYmW2hr: Status=200, Response={"data":{"items":[{"unixTime":1750145700,"value":0.3134857177907284},{"unixTime":1750145760,"value":0.3134857177907284}]},"success":true}
2025-06-17 01:36:09,064 - INFO - Current price for 7GCihgDB8fe6KNjn2MYtkzZcRjQy3t9GHdC8uHYmW2hr: 0.3134857177907284
2025-06-17 01:39:01,849 - INFO - Fetching price history for 7GCihgDB8fe6KNjn2MYtkzZcRjQy3t9GHdC8uHYmW2hr from 1749908341 to 1750145940
2025-06-17 01:39:02,191 - INFO - Birdeye API response for 7GCihgDB8fe6KNjn2MYtkzZcRjQy3t9GHdC8uHYmW2hr: Status=429, Response={"success":false,"message":"Too many requests"}
2025-06-17 01:39:02,192 - WARNING - Rate limit hit for 7GCihgDB8fe6KNjn2MYtkzZcRjQy3t9GHdC8uHYmW2hr, waiting 2s before retry
2025-06-17 01:39:02,700 - INFO - Successfully retrieved 1000 valid price points for 7GCihgDB8fe6KNjn2MYtkzZcRjQy3t9GHdC8uHYmW2hr
2025-06-17 01:39:02,704 - INFO - Built OHLC data with shape: (68, 6)
2025-06-17 01:39:04,502 - INFO - Birdeye API response for 7GCihgDB8fe6KNjn2MYtkzZcRjQy3t9GHdC8uHYmW2hr: Status=200, Response={"data":{"items":[{"unixTime":1750145880,"value":0.3159541682572591},{"unixTime":1750145940,"value":0.3159541682572591}]},"success":true}
2025-06-17 01:39:04,503 - INFO - Current price for 7GCihgDB8fe6KNjn2MYtkzZcRjQy3t9GHdC8uHYmW2hr: 0.3159541682572591
2025-06-17 01:40:31,265 - INFO - ============================================================
2025-06-17 01:40:31,265 - INFO - Starting FastAPI server with ladder TP/SL support
2025-06-17 01:40:31,266 - INFO - ============================================================
2025-06-17 01:40:33,065 - INFO - ============================================================
2025-06-17 01:40:33,066 - INFO - Starting FastAPI server with ladder TP/SL support
2025-06-17 01:40:33,066 - INFO - ============================================================
2025-06-17 01:40:35,921 - INFO - Fetching price history for 7GCihgDB8fe6KNjn2MYtkzZcRjQy3t9GHdC8uHYmW2hr from 1749908435 to 1750146000
2025-06-17 01:40:36,238 - INFO - Birdeye API response for 7GCihgDB8fe6KNjn2MYtkzZcRjQy3t9GHdC8uHYmW2hr: Status=429, Response={"success":false,"message":"Too many requests"}
2025-06-17 01:40:36,239 - WARNING - Rate limit hit for 7GCihgDB8fe6KNjn2MYtkzZcRjQy3t9GHdC8uHYmW2hr, waiting 2s before retry
2025-06-17 01:40:36,802 - INFO - Successfully retrieved 1000 valid price points for 7GCihgDB8fe6KNjn2MYtkzZcRjQy3t9GHdC8uHYmW2hr
2025-06-17 01:40:36,808 - INFO - Built OHLC data with shape: (68, 6)
2025-06-17 01:40:38,588 - INFO - Birdeye API response for 7GCihgDB8fe6KNjn2MYtkzZcRjQy3t9GHdC8uHYmW2hr: Status=200, Response={"data":{"items":[{"unixTime":1750145940,"value":0.3159541682572591},{"unixTime":1750146000,"value":0.3159541682572591}]},"success":true}
2025-06-17 01:40:38,589 - INFO - Current price for 7GCihgDB8fe6KNjn2MYtkzZcRjQy3t9GHdC8uHYmW2hr: 0.3159541682572591
2025-06-17 01:41:08,754 - INFO - Fetching price history for 7GCihgDB8fe6KNjn2MYtkzZcRjQy3t9GHdC8uHYmW2hr from 1749908468 to 1750146060
2025-06-17 01:41:09,074 - INFO - Birdeye API response for 7GCihgDB8fe6KNjn2MYtkzZcRjQy3t9GHdC8uHYmW2hr: Status=429, Response={"success":false,"message":"Too many requests"}
2025-06-17 01:41:09,075 - WARNING - Rate limit hit for 7GCihgDB8fe6KNjn2MYtkzZcRjQy3t9GHdC8uHYmW2hr, waiting 2s before retry
2025-06-17 01:41:09,544 - INFO - Successfully retrieved 1000 valid price points for 7GCihgDB8fe6KNjn2MYtkzZcRjQy3t9GHdC8uHYmW2hr
2025-06-17 01:41:09,548 - INFO - Built OHLC data with shape: (68, 6)
2025-06-17 01:41:11,379 - INFO - Birdeye API response for 7GCihgDB8fe6KNjn2MYtkzZcRjQy3t9GHdC8uHYmW2hr: Status=200, Response={"data":{"items":[{"unixTime":1750146000,"value":0.3159541682572591},{"unixTime":1750146060,"value":0.3159541682572591}]},"success":true}
2025-06-17 01:41:11,380 - INFO - Current price for 7GCihgDB8fe6KNjn2MYtkzZcRjQy3t9GHdC8uHYmW2hr: 0.3159541682572591
2025-06-17 01:41:33,662 - INFO - Fetching price history for 7GCihgDB8fe6KNjn2MYtkzZcRjQy3t9GHdC8uHYmW2hr from 1749908493 to 1750146060
2025-06-17 01:41:33,971 - ERROR - Failed to fetch price history for 7GCihgDB8fe6KNjn2MYtkzZcRjQy3t9GHdC8uHYmW2hr. Status: 429, Response: {"success":false,"message":"Too many requests"}
2025-06-17 01:41:33,972 - ERROR - Error fetching price history for 7GCihgDB8fe6KNjn2MYtkzZcRjQy3t9GHdC8uHYmW2hr: 429, message='{"success":false,"message":"Too many requests"}', url='https://public-api.birdeye.so/defi/history_price?address=7GCihgDB8fe6KNjn2MYtkzZcRjQy3t9GHdC8uHYmW2hr&address_type=token&type=1m&time_from=1749908493&time_to=1750146060'
Traceback (most recent call last):
  File "C:\Users\alexj\OneDrive\Desktop\traderRanker\main.py", line 308, in fetch_history_price
    raise aiohttp.ClientResponseError(
aiohttp.client_exceptions.ClientResponseError: 429, message='{"success":false,"message":"Too many requests"}', url='https://public-api.birdeye.so/defi/history_price?address=7GCihgDB8fe6KNjn2MYtkzZcRjQy3t9GHdC8uHYmW2hr&address_type=token&type=1m&time_from=1749908493&time_to=1750146060'
2025-06-17 01:41:34,057 - INFO - Birdeye API response for 7GCihgDB8fe6KNjn2MYtkzZcRjQy3t9GHdC8uHYmW2hr: Status=200, Response={"data":{"items":[{"unixTime":1750146000,"value":0.3159541682572591},{"unixTime":1750146060,"value":0.3159541682572591}]},"success":true}
2025-06-17 01:41:34,059 - INFO - Current price for 7GCihgDB8fe6KNjn2MYtkzZcRjQy3t9GHdC8uHYmW2hr: 0.3159541682572591
2025-06-17 01:41:36,711 - INFO - Successfully retrieved 1000 valid price points for 7GCihgDB8fe6KNjn2MYtkzZcRjQy3t9GHdC8uHYmW2hr
2025-06-17 01:41:36,716 - INFO - Built OHLC data with shape: (68, 6)
2025-06-17 01:43:33,752 - INFO - ============================================================
2025-06-17 01:43:33,752 - INFO - Starting FastAPI server with ladder TP/SL support
2025-06-17 01:43:33,753 - INFO - ============================================================
2025-06-17 01:43:53,452 - INFO - ============================================================
2025-06-17 01:43:53,453 - INFO - Starting FastAPI server with ladder TP/SL support
2025-06-17 01:43:53,453 - INFO - ============================================================
2025-06-17 01:43:56,223 - INFO - Fetching price history for 7GCihgDB8fe6KNjn2MYtkzZcRjQy3t9GHdC8uHYmW2hr from 1749908636 to 1750146180
2025-06-17 01:43:56,631 - INFO - Birdeye API response for 7GCihgDB8fe6KNjn2MYtkzZcRjQy3t9GHdC8uHYmW2hr: Status=200, Response={"data":{"items":[{"unixTime":1750146120,"value":0.3159541682572591},{"unixTime":1750146180,"value":0.3140884902539736}]},"success":true}
2025-06-17 01:43:56,632 - INFO - Current price for 7GCihgDB8fe6KNjn2MYtkzZcRjQy3t9GHdC8uHYmW2hr: 0.3140884902539736
2025-06-17 01:43:56,771 - ERROR - Failed to fetch price history for 7GCihgDB8fe6KNjn2MYtkzZcRjQy3t9GHdC8uHYmW2hr. Status: 429, Response: {"success":false,"message":"Too many requests"}
2025-06-17 01:43:56,772 - ERROR - Error fetching price history for 7GCihgDB8fe6KNjn2MYtkzZcRjQy3t9GHdC8uHYmW2hr: 429, message='{"success":false,"message":"Too many requests"}', url='https://public-api.birdeye.so/defi/history_price?address=7GCihgDB8fe6KNjn2MYtkzZcRjQy3t9GHdC8uHYmW2hr&address_type=token&type=1m&time_from=1749908636&time_to=1750146180'
Traceback (most recent call last):
  File "C:\Users\alexj\OneDrive\Desktop\traderRanker\main.py", line 308, in fetch_history_price
    raise aiohttp.ClientResponseError(
aiohttp.client_exceptions.ClientResponseError: 429, message='{"success":false,"message":"Too many requests"}', url='https://public-api.birdeye.so/defi/history_price?address=7GCihgDB8fe6KNjn2MYtkzZcRjQy3t9GHdC8uHYmW2hr&address_type=token&type=1m&time_from=1749908636&time_to=1750146180'
2025-06-17 01:43:59,586 - INFO - Successfully retrieved 1000 valid price points for 7GCihgDB8fe6KNjn2MYtkzZcRjQy3t9GHdC8uHYmW2hr
2025-06-17 01:43:59,594 - INFO - Built OHLC data with shape: (68, 6)
2025-06-17 01:45:01,005 - INFO - Fetching price history for FRhB8L7Y9Qq41qZXYLtC2nw8An1RJfLLxRF2x9RwLLMo from 1749908701 to 1750146300
2025-06-17 01:45:01,338 - ERROR - Failed to fetch price history for FRhB8L7Y9Qq41qZXYLtC2nw8An1RJfLLxRF2x9RwLLMo. Status: 429, Response: {"success":false,"message":"Too many requests"}
2025-06-17 01:45:01,339 - ERROR - Error fetching price history for FRhB8L7Y9Qq41qZXYLtC2nw8An1RJfLLxRF2x9RwLLMo: 429, message='{"success":false,"message":"Too many requests"}', url='https://public-api.birdeye.so/defi/history_price?address=FRhB8L7Y9Qq41qZXYLtC2nw8An1RJfLLxRF2x9RwLLMo&address_type=token&type=1m&time_from=1749908701&time_to=1750146300'
Traceback (most recent call last):
  File "C:\Users\alexj\OneDrive\Desktop\traderRanker\main.py", line 308, in fetch_history_price
    raise aiohttp.ClientResponseError(
aiohttp.client_exceptions.ClientResponseError: 429, message='{"success":false,"message":"Too many requests"}', url='https://public-api.birdeye.so/defi/history_price?address=FRhB8L7Y9Qq41qZXYLtC2nw8An1RJfLLxRF2x9RwLLMo&address_type=token&type=1m&time_from=1749908701&time_to=1750146300'
2025-06-17 01:45:01,407 - INFO - Birdeye API response for FRhB8L7Y9Qq41qZXYLtC2nw8An1RJfLLxRF2x9RwLLMo: Status=200, Response={"data":{"items":[]},"success":true}
2025-06-17 01:45:01,408 - ERROR - No price data in response for FRhB8L7Y9Qq41qZXYLtC2nw8An1RJfLLxRF2x9RwLLMo. Full response: {'data': {'items': []}, 'success': True}
2025-06-17 01:45:03,630 - ERROR - No price data in response for FRhB8L7Y9Qq41qZXYLtC2nw8An1RJfLLxRF2x9RwLLMo. Full response: {'data': {'items': []}, 'success': True}
2025-06-17 01:45:09,696 - INFO - Fetching price history for 7GCihgDB8fe6KNjn2MYtkzZcRjQy3t9GHdC8uHYmW2hr from 1749908709 to 1750146300
2025-06-17 01:45:10,010 - ERROR - Failed to fetch price history for 7GCihgDB8fe6KNjn2MYtkzZcRjQy3t9GHdC8uHYmW2hr. Status: 429, Response: {"success":false,"message":"Too many requests"}
2025-06-17 01:45:10,011 - ERROR - Error fetching price history for 7GCihgDB8fe6KNjn2MYtkzZcRjQy3t9GHdC8uHYmW2hr: 429, message='{"success":false,"message":"Too many requests"}', url='https://public-api.birdeye.so/defi/history_price?address=7GCihgDB8fe6KNjn2MYtkzZcRjQy3t9GHdC8uHYmW2hr&address_type=token&type=1m&time_from=1749908709&time_to=1750146300'
Traceback (most recent call last):
  File "C:\Users\alexj\OneDrive\Desktop\traderRanker\main.py", line 308, in fetch_history_price
    raise aiohttp.ClientResponseError(
aiohttp.client_exceptions.ClientResponseError: 429, message='{"success":false,"message":"Too many requests"}', url='https://public-api.birdeye.so/defi/history_price?address=7GCihgDB8fe6KNjn2MYtkzZcRjQy3t9GHdC8uHYmW2hr&address_type=token&type=1m&time_from=1749908709&time_to=1750146300'
2025-06-17 01:45:10,045 - INFO - Birdeye API response for 7GCihgDB8fe6KNjn2MYtkzZcRjQy3t9GHdC8uHYmW2hr: Status=200, Response={"data":{"items":[{"unixTime":1750146240,"value":0.31545080703475753},{"unixTime":1750146300,"value":0.31545080703475753}]},"success":true}
2025-06-17 01:45:10,046 - INFO - Current price for 7GCihgDB8fe6KNjn2MYtkzZcRjQy3t9GHdC8uHYmW2hr: 0.31545080703475753
2025-06-17 01:45:12,850 - INFO - Successfully retrieved 1000 valid price points for 7GCihgDB8fe6KNjn2MYtkzZcRjQy3t9GHdC8uHYmW2hr
2025-06-17 01:45:12,855 - INFO - Built OHLC data with shape: (201, 6)
2025-06-17 01:45:32,165 - INFO - Fetching price history for 7GCihgDB8fe6KNjn2MYtkzZcRjQy3t9GHdC8uHYmW2hr from 1749908732 to 1750146300
2025-06-17 01:45:32,468 - ERROR - Failed to fetch price history for 7GCihgDB8fe6KNjn2MYtkzZcRjQy3t9GHdC8uHYmW2hr. Status: 429, Response: {"success":false,"message":"Too many requests"}
2025-06-17 01:45:32,469 - ERROR - Error fetching price history for 7GCihgDB8fe6KNjn2MYtkzZcRjQy3t9GHdC8uHYmW2hr: 429, message='{"success":false,"message":"Too many requests"}', url='https://public-api.birdeye.so/defi/history_price?address=7GCihgDB8fe6KNjn2MYtkzZcRjQy3t9GHdC8uHYmW2hr&address_type=token&type=1m&time_from=1749908732&time_to=1750146300'
Traceback (most recent call last):
  File "C:\Users\alexj\OneDrive\Desktop\traderRanker\main.py", line 308, in fetch_history_price
    raise aiohttp.ClientResponseError(
aiohttp.client_exceptions.ClientResponseError: 429, message='{"success":false,"message":"Too many requests"}', url='https://public-api.birdeye.so/defi/history_price?address=7GCihgDB8fe6KNjn2MYtkzZcRjQy3t9GHdC8uHYmW2hr&address_type=token&type=1m&time_from=1749908732&time_to=1750146300'
2025-06-17 01:45:32,526 - INFO - Birdeye API response for 7GCihgDB8fe6KNjn2MYtkzZcRjQy3t9GHdC8uHYmW2hr: Status=200, Response={"data":{"items":[{"unixTime":1750146240,"value":0.31545080703475753},{"unixTime":1750146300,"value":0.3154940343228206}]},"success":true}
2025-06-17 01:45:32,527 - INFO - Current price for 7GCihgDB8fe6KNjn2MYtkzZcRjQy3t9GHdC8uHYmW2hr: 0.3154940343228206
2025-06-17 01:45:35,344 - INFO - Successfully retrieved 1000 valid price points for 7GCihgDB8fe6KNjn2MYtkzZcRjQy3t9GHdC8uHYmW2hr
2025-06-17 01:45:35,349 - INFO - Built OHLC data with shape: (201, 6)
2025-06-17 01:45:50,189 - INFO - Fetching price history for 7GCihgDB8fe6KNjn2MYtkzZcRjQy3t9GHdC8uHYmW2hr from 1749908750 to 1750146300
2025-06-17 01:45:50,508 - INFO - Birdeye API response for 7GCihgDB8fe6KNjn2MYtkzZcRjQy3t9GHdC8uHYmW2hr: Status=429, Response={"success":false,"message":"Too many requests"}
2025-06-17 01:45:50,509 - WARNING - Rate limit hit for 7GCihgDB8fe6KNjn2MYtkzZcRjQy3t9GHdC8uHYmW2hr, waiting 2s before retry
2025-06-17 01:45:51,081 - INFO - Successfully retrieved 1000 valid price points for 7GCihgDB8fe6KNjn2MYtkzZcRjQy3t9GHdC8uHYmW2hr
2025-06-17 01:45:51,087 - INFO - Built OHLC data with shape: (201, 6)
2025-06-17 01:45:52,890 - INFO - Birdeye API response for 7GCihgDB8fe6KNjn2MYtkzZcRjQy3t9GHdC8uHYmW2hr: Status=200, Response={"data":{"items":[{"unixTime":1750146240,"value":0.31545080703475753},{"unixTime":1750146300,"value":0.3160954027597314}]},"success":true}
2025-06-17 01:45:52,891 - INFO - Current price for 7GCihgDB8fe6KNjn2MYtkzZcRjQy3t9GHdC8uHYmW2hr: 0.3160954027597314
